-61,-52,-49,-68,-45,-85,-92,D428
-63,-59,-61,-61,-66,-79,-80,A260
-53,-54,-54,-51,-61,-84,-77,C387
-37,-54,-55,-42,-63,-71,-78,B240
-49,-52,-58,-46,-57,-77,-77,C11
-58,-56,-51,-65,-53,-87,-87,D415
-57,-53,-50,-59,-52,-83,-82,D466
-12,-55,-57,-16,-70,-76,-75,B372
-63,-57,-53,-63,-48,-85,-92,D108
-58,-54,-61,-66,-75,-87,-86,A65
-47,-56,-54,-51,-63,-81,-86,C461
-46,-58,-53,-48,-60,-79,-79,C426
-67,-57,-67,-68,-75,-85,-80,A447
-16,-59,-60,-35,-69,-81,-78,B39
-37,-55,-57,-42,-63,-65,-64,B212
-37,-50,-53,-42,-65,-72,-71,B84
-38,-62,-57,-41,-77,-65,-68,B115
-65,-57,-45,-69,-48,-91,-94,D152
-38,-56,-48,-39,-63,-70,-73,B405
-18,-62,-56,-15,-71,-70,-79,B34
-67,-56,-67,-70,-74,-81,-82,A457
-47,-57,-52,-44,-67,-78,-75,C421
-68,-57,-66,-69,-76,-81,-82,A449
-46,-52,-53,-44,-60,-79,-86,C366
-50,-58,-54,-50,-65,-79,-89,C450
-51,-52,-50,-49,-60,-77,-76,C260
-53,-68,-50,-51,-77,-85,-87,C500
-58,-55,-55,-54,-49,-78,-79,D68
-36,-59,-55,-40,-65,-66,-69,B349
-64,-55,-48,-61,-50,-83,-87,D355
-57,-60,-49,-61,-54,-85,-88,D64
-49,-53,-55,-52,-57,-86,-86,C373
-60,-54,-50,-50,-60,-84,-85,C16
-62,-51,-61,-71,-67,-79,-80,A171
-61,-53,-48,-62,-52,-86,-85,D353
-58,-54,-53,-60,-47,-82,-83,D268
-12,-60,-68,-15,-74,-73,-70,B108
-40,-58,-49,-41,-75,-71,-70,B454
-46,-56,-53,-53,-61,-87,-77,C6
-45,-53,-55,-49,-63,-78,-81,C26
-48,-61,-58,-44,-75,-80,-89,B139
-56,-52,-50,-57,-53,-87,-86,D459
-48,-53,-51,-50,-66,-79,-86,C46
-58,-58,-51,-57,-49,-86,-90,D424
-41,-54,-59,-41,-60,-76,-74,B401
-45,-60,-56,-54,-59,-84,-85,C325
-43,-62,-66,-43,-73,-77,-76,B164
-57,-61,-54,-64,-48,-87,-91,D208
-63,-59,-64,-66,-72,-84,-90,A21
-51,-56,-60,-48,-60,-86,-83,C220
-40,-53,-50,-40,-62,-69,-65,B220
-52,-51,-47,-49,-64,-80,-78,C378
-39,-53,-56,-48,-66,-69,-72,B313
-43,-59,-54,-39,-63,-79,-87,B73
-49,-64,-58,-53,-70,-84,-80,C225
-64,-61,-62,-65,-70,-85,-87,A196
-72,-63,-64,-70,-81,-85,-87,A92
-53,-59,-51,-41,-59,-78,-77,C103
-36,-54,-52,-20,-66,-70,-74,B463
-61,-53,-50,-59,-46,-84,-93,D282
-48,-47,-52,-56,-61,-77,-77,C439
-41,-55,-58,-43,-60,-71,-72,B231
-56,-53,-43,-61,-58,-80,-85,D488
-46,-54,-47,-51,-57,-80,-73,C485
-41,-56,-60,-39,-72,-74,-66,B18
-65,-50,-51,-57,-70,-80,-79,A133
-68,-55,-73,-65,-76,-82,-82,A453
-64,-59,-55,-66,-44,-93,-92,D254
-63,-53,-47,-58,-46,-90,-81,D413
-44,-59,-63,-42,-72,-79,-80,B166
-49,-52,-52,-51,-63,-78,-74,C235
-62,-58,-52,-63,-50,-87,-88,D289
-45,-55,-54,-47,-63,-78,-80,C30
-63,-54,-61,-66,-73,-84,-88,A242
-40,-57,-58,-38,-64,-74,-79,B263
-58,-58,-61,-59,-69,-81,-80,A254
-62,-59,-48,-65,-51,-87,-86,D366
-59,-53,-51,-54,-45,-79,-87,D435
-64,-57,-62,-68,-71,-85,-85,A72
-64,-57,-63,-71,-77,-87,-83,A439
-67,-61,-63,-64,-71,-85,-84,A87
-67,-65,-67,-68,-75,-87,-84,A441
-59,-52,-55,-59,-52,-88,-87,D36
-59,-51,-55,-59,-53,-88,-88,D22
-61,-56,-67,-61,-69,-82,-87,A424
-45,-55,-54,-43,-71,-89,-77,B306
-46,-51,-50,-48,-64,-82,-78,C265
-65,-51,-49,-63,-49,-92,-91,D185
-54,-57,-50,-61,-53,-83,-82,D81
-61,-50,-59,-67,-65,-79,-86,A224
-51,-55,-46,-54,-63,-84,-79,C401
-47,-64,-57,-51,-64,-85,-78,C231
-59,-54,-58,-59,-63,-81,-80,A309
-65,-54,-60,-64,-65,-87,-82,A395
-65,-52,-46,-64,-49,-88,-87,D183
-55,-53,-51,-62,-56,-85,-87,D82
-39,-54,-55,-37,-64,-70,-70,B488
-58,-61,-56,-64,-49,-83,-87,D246
-40,-55,-56,-41,-70,-74,-73,B4
-51,-51,-52,-52,-63,-84,-78,C124
-59,-52,-57,-60,-49,-86,-88,D54
-52,-57,-49,-50,-66,-80,-80,C133
-42,-58,-63,-41,-75,-69,-67,B121
-49,-55,-53,-48,-61,-79,-78,C420
-66,-57,-64,-61,-69,-82,-88,A378
-34,-62,-57,-36,-61,-71,-71,B345
-60,-52,-51,-55,-48,-86,-90,D473
-62,-58,-62,-65,-75,-90,-81,A472
-73,-62,-66,-65,-81,-87,-89,A93
-62,-57,-60,-64,-67,-80,-88,A368
-57,-59,-58,-66,-67,-78,-82,A298
-46,-53,-47,-52,-57,-79,-85,C279
-37,-56,-58,-36,-80,-72,-70,B354
-62,-56,-57,-63,-69,-87,-91,A192
-51,-52,-53,-55,-64,-78,-91,C178
-59,-52,-56,-59,-51,-89,-84,D8
-50,-56,-57,-49,-68,-92,-80,C291
-38,-50,-71,-39,-68,-78,-74,B82
-48,-52,-49,-52,-63,-79,-77,C375
-63,-57,-61,-65,-73,-84,-84,A13
-58,-57,-45,-58,-42,-88,-88,D439
-46,-53,-53,-43,-59,-83,-78,C368
-65,-56,-55,-65,-68,-85,-93,A111
-40,-53,-51,-37,-78,-73,-77,B444
-49,-55,-49,-49,-60,-80,-79,C108
-56,-53,-42,-61,-49,-83,-83,D408
-66,-56,-56,-63,-50,-89,-91,D132
-46,-58,-59,-40,-71,-78,-76,B57
-60,-52,-51,-59,-73,-79,-81,A180
-49,-56,-49,-52,-64,-83,-80,C138
-62,-62,-55,-64,-42,-86,-92,D320
-42,-52,-54,-35,-65,-69,-73,B315
-63,-63,-57,-68,-71,-79,-82,A322
-61,-59,-56,-64,-50,-85,-87,D244
-45,-54,-54,-48,-63,-78,-82,C28
-60,-55,-60,-59,-67,-81,-87,A191
-37,-53,-54,-37,-67,-79,-72,B420
-68,-56,-65,-67,-76,-87,-85,A434
-59,-59,-52,-59,-53,-87,-87,D74
-48,-56,-55,-46,-65,-86,-79,B295
-58,-52,-51,-59,-49,-82,-86,D442
-52,-56,-52,-44,-63,-87,-84,C356
-64,-56,-64,-67,-77,-81,-85,A68
-47,-54,-49,-52,-58,-79,-86,C71
-59,-52,-57,-58,-50,-86,-88,D53
-36,-55,-51,-37,-75,-71,-70,B478
-45,-58,-58,-40,-70,-86,-80,B69
-36,-54,-56,-35,-61,-70,-79,B435
-37,-58,-55,-38,-60,-74,-76,B383
-11,-59,-60,-27,-70,-74,-71,B433
-48,-59,-54,-55,-60,-84,-87,C472
-61,-55,-54,-69,-53,-84,-89,D96
-38,-63,-61,-43,-64,-76,-76,B93
-49,-56,-51,-54,-65,-79,-78,C294
-61,-54,-50,-63,-42,-92,-93,D326
-39,-54,-55,-37,-61,-77,-79,B131
-59,-55,-48,-59,-52,-86,-85,D207
-55,-49,-51,-56,-50,-84,-88,D440
-64,-59,-45,-65,-51,-93,-92,D157
-63,-59,-51,-72,-55,-96,-92,D116
-62,-52,-59,-62,-64,-80,-81,A485
-69,-58,-46,-66,-48,-95,-93,D151
-60,-52,-46,-56,-48,-84,-86,D470
-42,-53,-62,-38,-66,-65,-69,B1
-41,-52,-57,-41,-63,-73,-68,B235
-37,-51,-54,-43,-60,-69,-70,B241
-55,-51,-51,-55,-59,-89,-78,C243
-63,-58,-65,-66,-73,-86,-89,A147
-52,-56,-51,-48,-64,-87,-84,C341
-62,-58,-59,-66,-68,-87,-88,A167
-59,-50,-59,-59,-55,-85,-87,D28
-64,-57,-53,-66,-48,-92,-87,D100
-60,-56,-56,-64,-67,-84,-85,A330
-38,-59,-61,-36,-68,-69,-73,B479
-40,-57,-51,-46,-65,-75,-79,B294
-65,-58,-65,-65,-74,-89,-85,A440
-48,-50,-55,-50,-66,-78,-75,C19
-52,-48,-56,-53,-62,-78,-81,C75
-45,-58,-55,-46,-69,-75,-73,B183
-64,-52,-63,-62,-71,-84,-79,A244
-61,-61,-49,-58,-54,-94,-85,D120
-53,-58,-50,-52,-66,-78,-79,C136
-68,-57,-61,-65,-71,-85,-85,A2
-51,-54,-51,-53,-60,-86,-79,C270
-64,-56,-61,-73,-66,-88,-83,A367
-54,-54,-50,-54,-60,-81,-79,C239
-55,-54,-43,-60,-51,-84,-88,D479
-42,-54,-49,-41,-68,-71,-77,B328
-51,-54,-54,-55,-58,-88,-85,C474
-61,-51,-49,-59,-56,-91,-89,D176
-50,-60,-73,-58,-68,-88,-92,C210
-49,-54,-50,-55,-63,-85,-81,C250
-64,-55,-62,-66,-65,-85,-81,A326
-47,-58,-56,-44,-64,-80,-85,C94
-39,-52,-50,-39,-61,-75,-71,B399
-51,-54,-53,-55,-66,-77,-85,C201
-65,-54,-57,-66,-70,-82,-80,A109
-63,-58,-56,-66,-73,-87,-83,A168
-63,-59,-61,-68,-71,-81,-87,A373
-60,-57,-60,-66,-76,-82,-80,A106
-56,-55,-44,-60,-51,-84,-86,D487
-66,-55,-63,-65,-68,-85,-90,A33
-47,-53,-54,-49,-63,-88,-85,C95
-49,-52,-61,-52,-61,-82,-88,C38
-53,-58,-50,-48,-64,-88,-80,C297
-53,-55,-51,-49,-65,-86,-84,C339
-62,-58,-57,-58,-69,-94,-77,A255
-52,-56,-51,-46,-63,-86,-82,C343
-49,-59,-57,-49,-67,-85,-83,C261
-54,-52,-53,-43,-68,-79,-79,C111
-36,-57,-58,-36,-62,-74,-73,B421
-40,-53,-55,-37,-71,-75,-74,B380
-41,-59,-65,-47,-75,-68,-66,B124
-51,-57,-54,-55,-62,-87,-81,C462
-37,-61,-55,-40,-63,-70,-67,B204
-60,-50,-49,-54,-71,-83,-82,C15
-67,-59,-62,-65,-71,-91,-84,A42
-17,-62,-54,-22,-65,-70,-72,B429
-64,-57,-47,-58,-46,-89,-86,D370
-52,-53,-54,-49,-63,-85,-79,C456
-45,-57,-55,-48,-67,-77,-84,B310
-66,-56,-59,-62,-67,-80,-78,A412
-58,-55,-58,-61,-67,-78,-80,A161
-50,-53,-53,-54,-67,-78,-86,C198
-60,-59,-51,-59,-53,-88,-88,D280
-58,-56,-56,-64,-50,-82,-87,D237
-59,-52,-57,-59,-50,-88,-88,D10
-47,-56,-58,-56,-62,-81,-83,C318
-71,-64,-64,-70,-78,-88,-94,A98
-56,-55,-45,-59,-52,-84,-86,D480
-52,-54,-53,-51,-61,-83,-81,C264
-45,-58,-62,-40,-73,-70,-67,B123
-52,-54,-51,-49,-63,-87,-84,C340
-58,-61,-52,-61,-53,-85,-88,D62
-48,-53,-51,-43,-64,-74,-77,C484
-43,-55,-55,-44,-68,-76,-79,B179
-58,-52,-49,-60,-47,-87,-92,D381
-65,-55,-55,-67,-63,-82,-89,A112
-62,-57,-59,-72,-73,-86,-82,A317
-57,-58,-52,-66,-46,-86,-90,D418
-67,-55,-68,-67,-74,-83,-83,A448
-57,-56,-53,-62,-48,-87,-88,D493
-51,-62,-53,-51,-67,-79,-89,C308
-51,-53,-55,-50,-67,-76,-88,C185
-58,-56,-49,-60,-53,-86,-91,D360
-58,-55,-51,-66,-54,-86,-85,D83
-60,-58,-56,-64,-52,-93,-86,D236
-69,-59,-70,-67,-75,-82,-82,A458
-62,-57,-50,-62,-49,-93,-86,D210
-60,-56,-44,-59,-46,-81,-86,D283
-68,-57,-60,-61,-73,-87,-87,A462
-63,-52,-56,-59,-66,-80,-80,A155
-62,-55,-63,-61,-68,-81,-83,A152
-63,-57,-57,-65,-75,-83,-76,A265
-50,-57,-53,-49,-67,-83,-82,C60
-59,-54,-59,-64,-74,-80,-81,A165
-43,-59,-63,-40,-74,-66,-64,B117
-64,-58,-49,-64,-49,-92,-91,D130
-36,-53,-57,-40,-66,-70,-69,B250
-60,-57,-63,-62,-72,-85,-86,A429
-63,-62,-49,-63,-45,-92,-86,D218
-48,-57,-52,-51,-62,-86,-81,C403
-16,-58,-58,-13,-68,-76,-90,B41
-49,-53,-50,-54,-62,-77,-82,C429
-62,-58,-49,-64,-42,-86,-89,D200
-49,-53,-50,-55,-64,-79,-86,C180
-57,-61,-53,-59,-52,-87,-89,D61
-51,-60,-55,-53,-72,-85,-78,C119
-64,-59,-65,-64,-74,-88,-90,A142
-41,-58,-53,-43,-61,-70,-70,B353
-60,-59,-61,-62,-68,-81,-85,A300
-60,-55,-47,-59,-54,-91,-80,D202
-49,-47,-51,-52,-62,-89,-80,C389
-56,-54,-43,-60,-50,-86,-85,D379
-52,-64,-54,-54,-68,-85,-79,C116
-15,-58,-56,-15,-74,-76,-71,B268
-45,-59,-54,-51,-69,-77,-85,B296
-60,-54,-50,-70,-48,-84,-84,D387
-38,-53,-51,-39,-68,-76,-72,B329
-37,-53,-56,-35,-74,-76,-79,B423
-37,-55,-56,-37,-67,-70,-66,B408
-64,-56,-64,-70,-80,-91,-84,A51
-49,-45,-50,-48,-61,-79,-84,C427
-67,-57,-64,-68,-75,-82,-82,A452
-55,-48,-49,-62,-55,-86,-91,D85
-40,-53,-49,-41,-71,-66,-65,B226
-58,-60,-50,-61,-50,-87,-78,D359
-49,-53,-51,-42,-63,-79,-88,C406
-40,-50,-52,-48,-68,-73,-71,B189
-67,-56,-62,-70,-69,-86,-84,A86
-53,-53,-52,-55,-60,-82,-84,C381
-59,-56,-49,-58,-52,-88,-84,D438
-67,-59,-62,-66,-80,-96,-82,A39
-63,-61,-49,-58,-46,-92,-83,D474
-47,-55,-58,-50,-60,-81,-84,C320
-60,-56,-56,-63,-65,-80,-83,A334
-46,-53,-52,-45,-62,-79,-78,C63
-45,-52,-54,-53,-56,-83,-79,C252
-60,-54,-45,-59,-45,-88,-83,D452
-59,-56,-50,-60,-52,-81,-85,D309
-48,-52,-54,-47,-61,-80,-86,C5
-50,-53,-53,-55,-67,-78,-89,C183
-65,-62,-60,-65,-68,-83,-82,A286
-38,-56,-52,-41,-76,-71,-66,B416
-51,-51,-54,-53,-59,-86,-85,C453
-57,-51,-56,-57,-50,-88,-86,D38
-63,-57,-52,-64,-52,-88,-93,D93
-38,-53,-54,-43,-70,-77,-75,B390
-49,-50,-55,-49,-54,-85,-76,C394
-40,-54,-52,-38,-60,-69,-75,B381
-45,-53,-51,-36,-78,-72,-76,B445
-48,-57,-60,-44,-71,-85,-77,B155
-53,-62,-57,-49,-61,-88,-87,C471
-63,-56,-53,-60,-49,-88,-88,D91
-67,-56,-55,-64,-49,-91,-89,D141
-62,-58,-52,-65,-49,-89,-84,D332
-46,-58,-54,-49,-62,-81,-88,C21
-38,-52,-62,-37,-69,-73,-71,B486
-52,-54,-54,-51,-63,-87,-78,C459
-54,-46,-48,-55,-48,-84,-85,D393
-57,-50,-51,-59,-51,-83,-84,D465
-49,-51,-58,-45,-65,-83,-84,C41
-59,-53,-58,-66,-65,-82,-78,A357
-59,-52,-61,-61,-76,-75,-78,A285
-64,-57,-60,-70,-69,-86,-83,A365
-52,-50,-52,-49,-63,-80,-85,C442
-59,-56,-58,-66,-51,-92,-88,D225
-62,-57,-58,-63,-70,-85,-86,A360
-63,-51,-57,-60,-66,-79,-82,A403
-62,-57,-60,-61,-69,-93,-90,A387
-59,-57,-60,-58,-67,-80,-79,A481
-35,-53,-62,-35,-68,-70,-69,B357
-62,-53,-52,-59,-48,-87,-92,D416
-37,-58,-60,-37,-75,-65,-67,B256
-39,-57,-55,-42,-61,-74,-75,B403
-38,-54,-52,-36,-63,-65,-70,B378
-57,-54,-57,-61,-62,-80,-79,A247
-58,-56,-50,-58,-47,-87,-80,D358
-61,-56,-66,-65,-71,-85,-88,A426
-50,-53,-52,-55,-67,-77,-88,C193
-39,-53,-51,-43,-70,-72,-70,B234
-59,-56,-56,-65,-49,-92,-88,D224
-56,-50,-51,-60,-58,-81,-84,D468
-50,-56,-55,-47,-63,-86,-77,B497
-49,-58,-50,-56,-64,-81,-81,C475
-42,-55,-56,-43,-73,-76,-75,B301
-47,-51,-54,-50,-64,-75,-82,C444
-38,-51,-53,-37,-67,-67,-68,B192
-15,-55,-57,-16,-71,-72,-74,B273
-37,-60,-52,-38,-65,-70,-70,B198
-58,-53,-48,-58,-54,-88,-89,D343
-63,-58,-61,-67,-69,-86,-85,A374
-64,-59,-65,-70,-84,-90,-89,A50
-42,-54,-48,-51,-64,-78,-87,C293
-58,-53,-46,-59,-50,-86,-90,D486
-48,-53,-54,-45,-61,-86,-83,C154
-62,-56,-59,-68,-74,-95,-84,A215
-62,-55,-61,-60,-63,-84,-80,A157
-56,-54,-58,-62,-68,-77,-81,A174
-64,-56,-64,-71,-75,-87,-87,A438
-46,-58,-54,-48,-63,-78,-75,C447
-57,-60,-47,-59,-50,-79,-88,D336
-60,-54,-61,-65,-70,-82,-88,A211
-58,-55,-50,-60,-48,-87,-93,D469
-19,-59,-67,-35,-65,-66,-74,B28
-55,-56,-58,-53,-70,-81,-88,C207
-36,-60,-57,-37,-80,-72,-72,B355
-59,-54,-51,-59,-58,-80,-87,D267
-61,-55,-54,-72,-45,-89,-92,D249
-50,-51,-51,-49,-63,-79,-80,C363
-42,-54,-51,-47,-64,-70,-65,B215
-58,-54,-44,-59,-47,-83,-86,D189
-57,-56,-58,-58,-66,-85,-80,A208
-55,-66,-57,-52,-70,-84,-84,C208
-37,-54,-47,-36,-63,-70,-70,B469
-59,-51,-56,-58,-51,-95,-84,D41
-61,-58,-54,-63,-47,-88,-81,D92
-59,-50,-45,-63,-49,-84,-86,D409
-58,-56,-52,-54,-52,-87,-84,D220
-56,-51,-45,-54,-52,-79,-85,D305
-49,-62,-52,-49,-63,-82,-83,C369
-60,-58,-53,-55,-53,-83,-84,D311
-62,-54,-48,-62,-48,-86,-86,D402
-39,-55,-55,-47,-80,-66,-63,B211
-40,-54,-57,-42,-64,-67,-71,B257
-48,-50,-54,-51,-59,-77,-75,C57
-59,-51,-56,-59,-51,-87,-86,D7
-61,-51,-52,-56,-47,-86,-90,D472
-48,-56,-54,-39,-67,-78,-82,B75
-59,-56,-53,-60,-49,-85,-84,D75
-57,-56,-47,-58,-44,-88,-82,D429
-50,-58,-57,-42,-76,-74,-80,B143
-67,-56,-65,-68,-69,-83,-82,A313
-18,-50,-57,-36,-62,-66,-71,B279
-41,-54,-52,-37,-68,-73,-77,B442
-46,-46,-52,-52,-57,-77,-82,C237
-63,-59,-57,-65,-69,-80,-86,A361
-57,-56,-48,-59,-47,-86,-89,D344
-63,-57,-63,-64,-73,-86,-81,A185
-44,-53,-55,-48,-66,-79,-86,C66
-35,-54,-55,-40,-61,-79,-73,B100
-68,-55,-67,-70,-76,-82,-81,A454
-16,-55,-56,-15,-64,-78,-76,B274
-59,-55,-55,-62,-47,-91,-84,D348
-62,-58,-59,-59,-67,-80,-77,A406
-21,-61,-62,-16,-76,-74,-74,B42
-40,-54,-49,-43,-62,-70,-65,B219
-62,-57,-63,-67,-66,-87,-80,A315
-36,-55,-54,-40,-71,-71,-71,B418
-51,-58,-51,-51,-62,-79,-86,C102
-59,-56,-50,-62,-47,-87,-90,D497
-60,-57,-58,-64,-70,-84,-79,A227
-64,-59,-53,-63,-52,-87,-83,D331
-63,-58,-46,-66,-49,-93,-93,D155
-57,-54,-51,-60,-47,-84,-88,D446
-41,-57,-59,-44,-65,-76,-77,B181
-56,-50,-47,-60,-50,-88,-83,D453
-59,-53,-49,-56,-47,-87,-82,D454
-51,-56,-51,-55,-62,-85,-83,C70
-62,-56,-59,-58,-67,-78,-79,A342
-63,-58,-57,-61,-52,-89,-93,D126
-48,-55,-55,-52,-65,-80,-82,C330
-50,-52,-54,-55,-64,-83,-74,C251
-48,-55,-58,-49,-67,-83,-88,C39
-46,-53,-50,-53,-64,-81,-86,C300
-49,-55,-50,-53,-62,-76,-75,C254
-59,-52,-55,-59,-55,-88,-85,D24
-35,-58,-54,-36,-69,-69,-73,B425
-56,-55,-43,-57,-52,-93,-85,D263
-61,-60,-52,-57,-51,-91,-86,D419
-59,-51,-58,-57,-64,-76,-85,A204
-65,-61,-64,-68,-77,-86,-89,A27
-55,-56,-47,-54,-49,-81,-79,D67
-57,-51,-47,-61,-50,-90,-88,D414
-41,-55,-53,-37,-64,-79,-76,B327
-65,-59,-66,-65,-68,-82,-85,A22
-61,-55,-59,-58,-66,-79,-78,A187
-39,-54,-53,-45,-68,-78,-81,B74
-35,-55,-52,-14,-71,-69,-82,B278
-67,-61,-62,-67,-77,-83,-91,A11
-60,-53,-59,-64,-70,-80,-90,A163
-66,-57,-64,-62,-68,-87,-88,A469
-62,-57,-44,-61,-44,-89,-87,D199
-63,-57,-57,-62,-51,-89,-84,D113
-48,-56,-49,-52,-60,-82,-73,C431
-60,-52,-49,-61,-51,-85,-81,D196
-50,-57,-54,-44,-67,-85,-85,C96
-43,-55,-53,-52,-60,-78,-86,C67
-44,-58,-58,-41,-75,-70,-64,B258
-65,-60,-62,-63,-75,-85,-82,A84
-60,-54,-59,-65,-66,-83,-84,A417
-64,-58,-48,-63,-42,-85,-93,D297
-37,-57,-55,-40,-75,-71,-64,B424
-59,-53,-64,-60,-68,-82,-81,A335
-52,-56,-50,-56,-66,-81,-80,C134
-61,-54,-48,-58,-47,-91,-88,D427
-47,-57,-57,-52,-62,-86,-84,C316
-50,-57,-57,-50,-70,-77,-80,B152
-46,-56,-54,-51,-62,-80,-79,C437
-57,-54,-46,-53,-44,-85,-84,D188
-48,-57,-54,-47,-66,-79,-79,C292
-42,-52,-56,-43,-64,-76,-74,B487
-59,-52,-50,-55,-49,-87,-86,D443
-52,-55,-51,-49,-62,-86,-84,C337
-64,-56,-60,-61,-67,-78,-85,A329
-59,-52,-49,-55,-56,-83,-81,D335
-61,-53,-54,-58,-71,-82,-86,A136
-59,-50,-45,-60,-48,-83,-85,D390
-53,-55,-55,-53,-66,-79,-86,C20
-60,-58,-56,-66,-51,-85,-89,D240
-58,-56,-52,-58,-48,-87,-85,D433
-49,-52,-52,-53,-65,-77,-85,C199
-38,-52,-56,-44,-65,-71,-75,B86
-59,-51,-57,-60,-49,-87,-88,D51
-47,-55,-52,-49,-59,-78,-71,B53
-51,-57,-52,-49,-60,-84,-83,C358
-50,-56,-47,-52,-58,-88,-76,C409
-46,-55,-53,-52,-57,-81,-86,C328
-40,-56,-53,-44,-69,-77,-79,B396
-58,-50,-55,-54,-61,-84,-87,A340
-59,-55,-50,-57,-52,-78,-83,D461
-66,-52,-48,-71,-55,-88,-87,D181
-59,-55,-63,-67,-66,-82,-86,A276
-65,-60,-59,-63,-76,-86,-82,A9
-61,-54,-45,-66,-45,-88,-87,D201
-61,-54,-54,-67,-60,-81,-83,A305
-53,-48,-52,-52,-59,-81,-82,C391
-50,-55,-57,-48,-80,-81,-76,B153
-58,-53,-49,-60,-48,-86,-91,D84
-57,-50,-58,-60,-51,-87,-88,D39
-40,-54,-52,-39,-65,-70,-74,B393
-50,-54,-54,-54,-66,-77,-86,C179
-49,-64,-58,-51,-70,-86,-78,C227
-38,-52,-50,-41,-69,-68,-72,B459
-65,-56,-60,-66,-74,-89,-90,A269
-58,-50,-43,-56,-55,-83,-87,D342
-13,-60,-63,-18,-70,-73,-73,B107
-60,-58,-60,-61,-73,-84,-88,A19
-60,-53,-52,-62,-50,-91,-88,D397
-56,-60,-47,-58,-46,-80,-82,D477
-60,-54,-54,-60,-64,-88,-88,D16
-36,-50,-58,-41,-74,-74,-69,B414
-59,-52,-44,-64,-43,-87,-83,D400
-64,-52,-59,-59,-66,-86,-87,A416
-48,-61,-57,-51,-67,-83,-76,C226
-52,-56,-53,-53,-70,-80,-78,C149
-38,-57,-61,-38,-69,-73,-70,B22
-67,-60,-59,-61,-71,-86,-91,A16
-56,-55,-59,-68,-74,-84,-79,A235
-65,-54,-46,-65,-51,-91,-89,D184
-18,-57,-63,-16,-72,-73,-66,B281
-38,-53,-53,-38,-66,-70,-69,B188
-58,-50,-54,-60,-53,-86,-89,D34
-50,-54,-51,-50,-66,-87,-85,C289
-49,-50,-55,-60,-61,-78,-81,C393
-63,-54,-49,-62,-43,-89,-91,D369
-55,-50,-49,-60,-45,-86,-87,D447
-51,-54,-52,-57,-62,-79,-79,C127
-52,-54,-53,-49,-63,-86,-81,C402
-61,-54,-64,-59,-68,-86,-88,A278
-61,-56,-65,-59,-68,-86,-88,A279
-38,-57,-60,-39,-68,-73,-74,B83
-65,-54,-56,-64,-66,-79,-81,A411
-64,-59,-51,-67,-43,-88,-92,D255
-51,-55,-51,-49,-61,-82,-81,C122
-55,-54,-46,-60,-50,-84,-86,D481
-52,-52,-49,-49,-58,-77,-84,C86
-57,-58,-56,-55,-71,-84,-87,C205
-57,-52,-60,-61,-66,-81,-85,A251
-61,-60,-68,-62,-77,-90,-80,A4
-63,-51,-58,-63,-68,-81,-87,A404
-64,-58,-51,-59,-40,-88,-87,D172
-63,-57,-60,-69,-49,-93,-93,D127
-46,-51,-55,-42,-62,-79,-78,C479
-53,-56,-46,-51,-62,-80,-80,C141
-63,-60,-58,-64,-66,-83,-90,A268
-59,-53,-56,-59,-51,-87,-89,D13
-61,-56,-49,-60,-52,-91,-85,D118
-39,-56,-54,-48,-61,-78,-67,B78
-36,-57,-56,-37,-69,-77,-72,B426
-60,-59,-50,-58,-45,-87,-89,D315
-61,-52,-54,-63,-64,-84,-82,A304
-63,-48,-54,-65,-67,-82,-80,A221
-38,-55,-54,-42,-63,-78,-71,B47
-39,-56,-53,-40,-69,-75,-72,B89
-61,-57,-50,-59,-46,-91,-89,D316
-36,-55,-59,-37,-63,-70,-73,B386
-65,-59,-61,-67,-70,-80,-83,A385
-61,-61,-50,-64,-51,-84,-89,D97
-53,-57,-50,-54,-60,-80,-81,C142
-43,-53,-53,-38,-63,-76,-73,B134
-42,-53,-50,-47,-66,-80,-69,B52
-58,-57,-66,-61,-68,-85,-83,A423
-49,-50,-51,-50,-62,-75,-75,C81
-52,-53,-49,-50,-69,-79,-87,C167
-51,-56,-51,-47,-62,-79,-85,C490
-58,-49,-55,-60,-70,-78,-80,A219
-60,-51,-51,-59,-54,-86,-89,D338
-39,-55,-54,-48,-76,-73,-80,B318
-61,-60,-60,-65,-67,-82,-78,A370
-56,-54,-47,-59,-52,-84,-91,D482
-43,-56,-59,-37,-64,-74,-77,B385
-37,-60,-53,-39,-65,-70,-68,B196
-43,-53,-51,-42,-73,-71,-66,B213
-57,-54,-48,-55,-47,-82,-86,D386
-36,-61,-57,-27,-71,-73,-70,B358
-36,-57,-52,-40,-66,-75,-75,B291
-62,-53,-62,-64,-68,-79,-82,A402
-61,-56,-57,-65,-54,-85,-88,D241
-58,-57,-48,-64,-52,-92,-87,D345
-66,-60,-62,-62,-70,-82,-85,A475
-62,-54,-60,-61,-71,-86,-80,A358
-61,-55,-55,-66,-61,-83,-92,D238
-58,-55,-51,-61,-44,-88,-86,D432
-59,-51,-57,-59,-51,-89,-86,D48
-34,-54,-61,-34,-70,-72,-73,B277
-63,-58,-54,-69,-43,-91,-92,D252
-68,-56,-66,-69,-75,-82,-83,A455
-26,-57,-53,-37,-67,-72,-69,B367
-61,-58,-58,-67,-50,-96,-85,D228
-60,-55,-42,-63,-53,-91,-79,D411
-53,-50,-50,-49,-61,-83,-84,C411
-59,-50,-57,-60,-49,-91,-86,D50
-36,-58,-54,-27,-67,-73,-78,B462
-59,-53,-45,-60,-51,-87,-86,D392
-50,-54,-60,-43,-74,-76,-77,B140
-38,-55,-51,-43,-64,-73,-73,B286
-52,-56,-52,-49,-61,-86,-81,C354
-62,-62,-49,-66,-47,-93,-80,D88
-38,-54,-55,-36,-60,-71,-75,B409
-56,-55,-56,-59,-64,-83,-83,A333
-51,-54,-44,-52,-56,-79,-79,C466
-62,-58,-52,-61,-41,-90,-85,D499
-37,-56,-55,-38,-71,-75,-78,B171
-58,-57,-55,-66,-51,-88,-87,D234
-42,-53,-62,-27,-63,-72,-79,B410
-38,-58,-54,-38,-67,-72,-71,B197
-70,-64,-66,-73,-78,-87,-94,A99
-57,-53,-50,-61,-56,-84,-83,D460
-55,-53,-47,-57,-50,-85,-85,D214
-68,-58,-65,-65,-76,-87,-82,A44
-49,-59,-56,-50,-63,-80,-91,C212
-64,-56,-64,-65,-75,-85,-90,A67
-50,-55,-59,-41,-82,-75,-78,B148
-61,-55,-52,-61,-44,-88,-92,D288
-57,-50,-47,-58,-46,-88,-88,D431
-52,-50,-53,-54,-68,-76,-85,C200
-59,-57,-56,-65,-49,-92,-91,D222
-51,-55,-52,-48,-63,-87,-85,C348
-46,-53,-51,-49,-68,-79,-85,C359
-37,-59,-57,-36,-64,-66,-70,B347
-63,-58,-58,-64,-66,-81,-83,A388
-58,-57,-46,-56,-43,-89,-85,D261
-59,-54,-49,-60,-46,-86,-87,D425
-68,-57,-54,-64,-51,-89,-87,D140
-47,-57,-57,-52,-69,-79,-77,C273
-63,-57,-66,-66,-68,-83,-81,A316
-49,-52,-53,-49,-64,-77,-83,C445
-61,-50,-51,-59,-55,-87,-83,D462
-39,-56,-58,-37,-64,-76,-72,B44
-56,-55,-44,-60,-49,-84,-80,D407
-60,-57,-58,-59,-70,-76,-80,A478
-43,-55,-63,-37,-64,-67,-76,B20
-63,-56,-51,-64,-49,-88,-89,D318
-66,-62,-64,-68,-73,-89,-83,A45
-62,-51,-54,-60,-74,-74,-82,A497
-53,-59,-48,-57,-66,-80,-77,C129
-46,-54,-53,-47,-63,-85,-80,C34
-52,-57,-53,-47,-57,-80,-83,C364
-62,-57,-54,-66,-71,-81,-83,A186
-44,-56,-54,-52,-63,-80,-79,C266
-51,-64,-59,-49,-71,-87,-77,C228
-57,-52,-44,-59,-51,-88,-85,D213
-36,-59,-57,-35,-61,-65,-80,B346
-46,-57,-52,-43,-69,-86,-85,C97
-19,-60,-54,-35,-69,-69,-78,B428
-37,-56,-55,-45,-64,-61,-69,B260
-61,-56,-60,-58,-67,-79,-82,A445
-64,-56,-51,-65,-49,-91,-94,D166
-52,-55,-52,-49,-63,-88,-85,C347
-36,-51,-67,-40,-63,-74,-68,B244
-41,-55,-54,-40,-62,-71,-72,B233
-57,-52,-48,-58,-51,-86,-87,D457
-49,-62,-59,-43,-78,-79,-81,B138
-46,-51,-51,-36,-67,-73,-76,B443
-48,-53,-60,-36,-58,-73,-77,B387
-50,-54,-49,-46,-64,-85,-77,C277
-65,-51,-59,-61,-66,-81,-84,A324
-63,-54,-52,-59,-44,-86,-92,D417
-38,-55,-53,-37,-72,-71,-73,B5
-42,-54,-49,-41,-63,-69,-64,B221
-60,-51,-61,-63,-64,-86,-81,A488
-64,-60,-53,-60,-48,-89,-89,D123
-57,-53,-54,-61,-73,-86,-81,A484
-36,-52,-59,-38,-64,-72,-74,B436
-42,-55,-57,-44,-69,-73,-77,B305
-51,-54,-54,-54,-62,-85,-78,C457
-59,-60,-60,-62,-67,-94,-77,A256
-48,-58,-58,-44,-71,-77,-79,B144
-38,-54,-53,-42,-69,-72,-66,B243
-61,-57,-59,-62,-69,-78,-83,A420
-64,-51,-44,-61,-50,-88,-85,D404
-57,-53,-59,-64,-71,-80,-79,A128
-53,-56,-54,-53,-62,-88,-85,C449
-42,-60,-56,-44,-74,-76,-80,B176
-19,-62,-56,-13,-74,-72,-77,B33
-53,-58,-51,-48,-63,-88,-80,C304
-51,-55,-50,-50,-59,-79,-85,C112
-61,-55,-63,-64,-69,-83,-82,A78
-61,-59,-63,-60,-69,-87,-88,A282
-40,-55,-57,-37,-71,-79,-77,B292
-40,-55,-52,-43,-60,-76,-72,B232
-40,-59,-57,-39,-67,-81,-74,B174
-61,-57,-54,-67,-52,-89,-86,D233
-45,-50,-52,-53,-61,-75,-79,C87
-67,-57,-55,-65,-49,-88,-87,D139
-43,-57,-52,-40,-58,-72,-70,B489
-64,-57,-54,-69,-43,-88,-92,D251
-46,-60,-54,-50,-62,-79,-74,C278
-35,-54,-59,-46,-62,-66,-70,B248
-52,-52,-53,-53,-56,-78,-79,C241
-59,-50,-55,-59,-53,-86,-87,D27
-55,-58,-55,-54,-70,-81,-87,C206
-59,-52,-50,-55,-55,-87,-85,D455
-62,-55,-59,-63,-72,-76,-87,A223
-60,-58,-57,-59,-66,-82,-83,A347
-39,-57,-50,-35,-63,-70,-79,B484
-36,-54,-57,-34,-60,-69,-75,B365
-58,-55,-57,-64,-47,-85,-89,D270
-58,-52,-57,-60,-52,-86,-88,D33
-13,-54,-57,-21,-77,-72,-72,B359
-47,-55,-57,-50,-64,-80,-85,C290
-43,-54,-56,-40,-67,-70,-71,B391
-59,-54,-56,-65,-74,-79,-85,A240
-44,-52,-51,-36,-78,-72,-77,B446
-42,-55,-49,-45,-64,-70,-65,B216
-53,-56,-55,-51,-62,-78,-82,C382
-49,-53,-53,-51,-64,-79,-80,C58
-50,-52,-52,-55,-67,-79,-91,C184
-60,-54,-57,-66,-64,-81,-83,A153
-37,-46,-51,-39,-63,-69,-69,B477
-40,-58,-47,-41,-65,-73,-70,B456
-61,-59,-52,-55,-48,-91,-84,D420
-38,-58,-59,-37,-66,-74,-67,B92
-63,-52,-61,-64,-75,-80,-83,A272
-51,-58,-52,-48,-68,-86,-84,C353
-53,-47,-54,-53,-59,-83,-84,C412
-54,-55,-50,-49,-60,-84,-81,C332
-37,-56,-58,-45,-65,-67,-72,B283
-56,-54,-49,-58,-48,-83,-84,D467
-46,-53,-54,-52,-64,-79,-84,C109
-66,-57,-60,-68,-74,-82,-88,A468
-51,-53,-52,-55,-68,-78,-91,C157
-44,-52,-56,-47,-63,-71,-75,B389
-66,-56,-60,-63,-74,-87,-93,A463
-49,-54,-53,-55,-67,-77,-86,C194
-64,-54,-56,-66,-52,-88,-85,D115
-48,-58,-57,-45,-73,-86,-92,B67
-62,-59,-62,-63,-65,-87,-87,A355
-20,-56,-55,-37,-61,-79,-72,B99
-64,-48,-54,-58,-52,-80,-88,D186
-51,-52,-52,-56,-68,-79,-87,C175
-53,-62,-51,-52,-67,-79,-89,C311
-43,-54,-59,-40,-68,-76,-74,B493
-59,-57,-53,-58,-55,-85,-86,D73
-59,-50,-51,-59,-51,-83,-85,D302
-58,-59,-56,-64,-68,-82,-87,A193
-14,-58,-60,-38,-74,-74,-73,B30
-62,-49,-59,-63,-62,-80,-79,A200
-47,-60,-56,-48,-85,-85,-81,B496
-66,-59,-45,-67,-52,-93,-92,D150
-59,-51,-57,-59,-53,-87,-92,D30
-19,-53,-60,-37,-69,-72,-69,B419
-17,-56,-57,-35,-71,-69,-74,B369
-60,-61,-58,-63,-49,-84,-85,D112
-49,-52,-48,-48,-59,-79,-78,C486
-66,-54,-53,-71,-48,-92,-91,D131
-38,-55,-51,-41,-72,-70,-73,B287
-59,-52,-55,-60,-55,-87,-88,D20
-52,-55,-56,-51,-69,-85,-85,C146
-61,-58,-46,-69,-53,-82,-81,D375
-48,-47,-51,-52,-60,-74,-79,C443
-65,-58,-56,-61,-49,-89,-88,D211
-36,-56,-62,-36,-80,-71,-69,B356
-59,-50,-57,-59,-51,-87,-85,D44
-51,-57,-51,-51,-65,-80,-80,C131
-45,-51,-50,-51,-57,-80,-79,C416
-38,-55,-57,-37,-64,-68,-73,B170
-63,-56,-51,-57,-45,-88,-88,D285
-35,-52,-55,-38,-62,-66,-85,B377
-61,-54,-45,-54,-43,-88,-80,D475
-66,-58,-47,-68,-47,-88,-91,D163
-51,-53,-50,-51,-66,-77,-88,C168
-63,-57,-63,-64,-67,-81,-83,A377
-65,-58,-67,-67,-70,-87,-84,A118
-63,-56,-52,-65,-47,-82,-92,D372
-61,-54,-52,-65,-49,-85,-91,D286
-47,-56,-57,-52,-62,-79,-87,C468
-37,-50,-50,-36,-58,-69,-75,B316
-62,-59,-63,-64,-70,-84,-84,A20
-40,-63,-64,-50,-64,-75,-78,B160
-67,-55,-56,-64,-50,-88,-87,D134
-54,-53,-50,-58,-58,-84,-87,C248
-40,-56,-56,-38,-66,-77,-74,B135
-51,-51,-59,-46,-60,-80,-82,C448
-62,-53,-48,-61,-50,-85,-86,D357
-38,-51,-53,-38,-63,-72,-73,B466
-54,-56,-50,-50,-64,-87,-80,C306
-63,-60,-60,-67,-76,-85,-84,A3
-61,-60,-53,-61,-52,-87,-87,D111
-38,-53,-53,-43,-78,-69,-75,B62
-52,-55,-52,-43,-61,-86,-83,C357
-62,-57,-61,-63,-65,-83,-82,A312
-53,-57,-62,-55,-60,-86,-83,C219
-59,-52,-56,-59,-51,-89,-87,D9
-53,-52,-48,-50,-62,-81,-80,C435
-47,-57,-50,-45,-60,-82,-84,C395
-38,-58,-60,-42,-66,-82,-79,B68
-19,-60,-56,-36,-63,-70,-75,B101
-60,-53,-60,-62,-73,-81,-82,A162
-65,-54,-53,-61,-43,-84,-83,D330
-61,-56,-55,-63,-47,-85,-89,D247
-35,-51,-53,-37,-63,-72,-76,B465
-37,-54,-55,-38,-72,-76,-79,B169
-56,-51,-47,-51,-71,-79,-75,C14
-65,-62,-49,-67,-45,-88,-94,D104
-37,-57,-51,-39,-71,-71,-72,B453
-59,-59,-52,-60,-51,-87,-86,D71
-48,-54,-56,-49,-66,-81,-80,C372
-67,-57,-64,-71,-75,-89,-87,A29
-61,-59,-62,-65,-66,-81,-83,A350
-64,-54,-65,-63,-71,-85,-89,A143
-50,-59,-53,-54,-65,-77,-78,C128
-42,-57,-61,-43,-73,-67,-66,B13
-61,-59,-65,-63,-74,-89,-87,A15
-61,-52,-43,-60,-47,-89,-85,D4
-58,-51,-56,-59,-54,-87,-87,D25
-65,-59,-61,-67,-72,-86,-81,A12
-49,-61,-55,-53,-72,-85,-92,C218
-46,-60,-54,-48,-63,-80,-83,C33
-45,-60,-59,-52,-57,-83,-85,C324
-61,-53,-52,-60,-72,-75,-81,A494
-58,-55,-50,-54,-48,-80,-86,D471
-50,-54,-52,-49,-67,-79,-86,C190
-44,-63,-67,-46,-63,-81,-78,B158
-61,-50,-50,-58,-48,-88,-87,D456
-49,-54,-55,-49,-63,-81,-87,C104
-50,-57,-58,-44,-82,-75,-78,B147
-35,-56,-55,-36,-69,-67,-78,B239
-48,-58,-55,-49,-60,-80,-83,C222
-63,-57,-57,-70,-50,-92,-87,D102
-46,-52,-46,-39,-74,-71,-78,B470
-56,-55,-44,-61,-51,-84,-87,D483
-52,-58,-50,-53,-64,-87,-81,C305
-43,-54,-55,-41,-68,-71,-74,B475
-59,-55,-58,-61,-67,-77,-79,A252
-52,-57,-61,-59,-59,-85,-85,C74
-63,-58,-52,-59,-51,-88,-94,D60
-62,-63,-57,-69,-71,-82,-82,A319
-50,-53,-52,-50,-64,-78,-88,C172
-40,-55,-53,-35,-64,-70,-82,B392
-67,-57,-60,-60,-75,-83,-87,A461
-61,-54,-57,-67,-67,-82,-84,A238
-52,-61,-48,-60,-51,-80,-80,D80
-60,-57,-55,-65,-51,-94,-86,D235
-64,-54,-56,-65,-74,-85,-87,A151
-61,-56,-55,-63,-52,-84,-87,D245
-49,-57,-52,-51,-60,-89,-83,C4
-58,-53,-52,-62,-51,-85,-83,D398
-57,-55,-57,-59,-48,-85,-84,D72
-61,-56,-63,-77,-67,-82,-96,A415
-35,-60,-54,-35,-61,-81,-80,B343
-55,-57,-43,-59,-53,-81,-85,D478
-40,-58,-57,-40,-74,-79,-77,B325
-61,-58,-52,-61,-45,-92,-81,D197
-47,-53,-50,-52,-65,-80,-78,C379
-59,-59,-49,-62,-47,-82,-81,D388
-36,-56,-56,-37,-59,-66,-75,B417
-60,-61,-49,-60,-50,-89,-88,D324
-46,-54,-53,-48,-71,-78,-73,B293
-66,-59,-70,-69,-76,-87,-89,A141
-59,-51,-54,-60,-50,-87,-86,D47
-42,-61,-63,-44,-74,-76,-75,B163
-39,-57,-54,-38,-56,-70,-72,B366
-53,-54,-53,-60,-60,-86,-91,C249
-56,-52,-51,-57,-64,-86,-91,C246
-36,-57,-60,-20,-71,-74,-74,B43
-40,-59,-67,-50,-68,-79,-78,B159
-52,-52,-50,-49,-66,-77,-88,C160
-48,-54,-50,-49,-61,-81,-84,C1
-67,-52,-46,-66,-47,-89,-87,D179
-34,-61,-52,-27,-61,-67,-69,B339
-66,-58,-58,-68,-73,-85,-78,A230
-53,-58,-51,-51,-62,-84,-85,C499
-59,-53,-56,-60,-53,-85,-86,D31
-65,-56,-62,-62,-68,-83,-90,A394
-63,-52,-43,-63,-51,-87,-88,D276
-37,-59,-57,-38,-69,-68,-73,B8
-60,-62,-66,-66,-71,-84,-85,A413
-53,-56,-50,-50,-67,-80,-81,C137
-66,-60,-65,-62,-70,-85,-83,A14
-72,-59,-65,-75,-81,-84,-91,A101
-36,-54,-53,-46,-63,-66,-76,B254
-49,-54,-50,-52,-60,-85,-88,C380
-62,-55,-54,-62,-69,-79,-81,A392
-48,-54,-49,-59,-63,-78,-80,C433
-42,-55,-57,-38,-71,-71,-76,B58
-64,-66,-58,-70,-50,-89,-93,D125
-61,-56,-57,-56,-75,-74,-81,A177
-64,-50,-55,-63,-66,-78,-82,A493
-52,-56,-56,-41,-63,-77,-80,C43
-66,-56,-54,-69,-65,-82,-82,A225
-59,-55,-54,-64,-44,-86,-86,D349
-55,-60,-50,-55,-63,-88,-87,C497
-48,-55,-51,-55,-69,-88,-80,C299
-36,-60,-53,-36,-63,-70,-77,B344
-64,-54,-61,-63,-65,-88,-86,A64
-59,-55,-65,-62,-62,-81,-77,A154
-62,-58,-57,-62,-72,-81,-81,A131
-36,-53,-50,-37,-70,-72,-72,B439
-61,-57,-57,-66,-55,-83,-87,D242
-46,-54,-53,-48,-64,-78,-79,C27
-59,-53,-57,-59,-50,-88,-88,D14
-64,-55,-55,-66,-49,-88,-88,D143
-50,-56,-53,-40,-65,-86,-80,C93
-51,-51,-52,-57,-56,-81,-77,C54
-41,-58,-48,-40,-62,-72,-76,B230
-65,-58,-61,-62,-71,-81,-86,A383
-47,-55,-55,-49,-67,-85,-80,C35
-73,-61,-65,-65,-77,-89,-90,A94
-41,-53,-56,-36,-62,-75,-77,B384
-56,-55,-50,-59,-62,-84,-86,D265
-65,-57,-55,-64,-50,-92,-85,D145
-52,-53,-50,-52,-63,-84,-88,C434
-66,-57,-55,-64,-52,-91,-87,D95
-59,-51,-54,-59,-55,-87,-88,D21
-66,-57,-56,-64,-49,-89,-87,D137
-64,-57,-62,-67,-68,-83,-84,A36
-59,-52,-58,-65,-66,-82,-80,A491
-52,-54,-53,-50,-68,-78,-85,C192
-63,-58,-66,-68,-75,-90,-93,A57
-62,-59,-53,-64,-44,-89,-98,D258
-46,-48,-52,-52,-62,-77,-80,C77
-35,-56,-52,-36,-72,-69,-67,B332
-52,-56,-52,-49,-63,-87,-85,C350
-62,-57,-60,-65,-72,-83,-87,A83
-35,-57,-54,-35,-64,-78,-76,B130
-52,-53,-56,-49,-62,-83,-80,C460
-59,-52,-52,-56,-50,-86,-86,D444
-40,-53,-50,-40,-60,-69,-74,B91
-60,-58,-62,-61,-62,-81,-84,A175
-50,-51,-54,-43,-66,-78,-78,C405
-66,-55,-64,-71,-75,-94,-83,A436
-37,-58,-56,-38,-63,-75,-74,B205
-60,-55,-58,-57,-75,-74,-82,A176
-42,-51,-54,-41,-67,-72,-77,B326
-62,-61,-51,-68,-48,-88,-88,D107
-64,-56,-69,-64,-73,-89,-85,A105
-59,-54,-60,-60,-66,-83,-78,A258
-47,-56,-53,-53,-66,-85,-85,C326
-61,-56,-48,-62,-54,-88,-86,D337
-64,-55,-60,-74,-66,-87,-87,A363
-52,-60,-59,-40,-60,-81,-81,C42
-37,-60,-53,-37,-64,-68,-67,B199
-42,-54,-56,-39,-63,-76,-78,B404
-49,-52,-46,-48,-60,-79,-80,C85
-61,-59,-62,-61,-66,-80,-88,A345
-49,-55,-48,-49,-62,-79,-84,C82
-59,-58,-48,-65,-53,-83,-90,D410
-59,-50,-55,-59,-54,-88,-87,D26
-55,-56,-48,-60,-55,-84,-84,D79
-40,-56,-53,-42,-65,-72,-70,B173
-41,-56,-56,-38,-72,-67,-70,B17
-57,-52,-46,-60,-43,-88,-85,D215
-63,-65,-60,-63,-77,-81,-87,A5
-53,-62,-52,-53,-65,-79,-91,C312
-60,-52,-45,-58,-51,-87,-80,D187
-50,-56,-48,-48,-63,-80,-91,C83
-52,-60,-52,-54,-66,-85,-79,C118
-49,-61,-55,-49,-62,-84,-89,C217
-41,-53,-49,-38,-71,-69,-75,B51
-59,-56,-49,-57,-45,-88,-88,D274
-47,-53,-49,-49,-66,-76,-80,C24
-37,-56,-56,-38,-68,-70,-66,B10
-35,-53,-58,-44,-63,-68,-71,B249
-35,-58,-61,-38,-67,-71,-71,B24
-59,-52,-59,-61,-54,-87,-89,D6
-65,-56,-63,-71,-77,-89,-85,A49
-51,-56,-51,-58,-58,-80,-86,C53
-63,-58,-54,-67,-43,-88,-98,D257
-56,-53,-42,-61,-55,-87,-82,D406
-57,-57,-50,-59,-54,-85,-81,D383
-61,-54,-64,-63,-68,-83,-81,A311
-61,-58,-48,-57,-52,-91,-92,D248
-66,-58,-64,-63,-73,-83,-86,A471
-37,-59,-54,-39,-72,-75,-70,B195
-44,-60,-52,-49,-63,-84,-84,C315
-52,-62,-55,-52,-67,-83,-75,C117
-46,-55,-48,-52,-62,-80,-79,C259
-48,-63,-58,-44,-74,-79,-78,B149
-51,-52,-51,-54,-61,-79,-76,C126
-57,-56,-48,-60,-49,-84,-88,D430
-63,-52,-51,-56,-59,-89,-84,C244
-54,-55,-52,-50,-58,-78,-86,C52
-41,-52,-55,-40,-62,-76,-64,B236
-12,-64,-63,-18,-69,-72,-74,B109
-63,-57,-55,-63,-49,-88,-81,D290
-37,-56,-58,-39,-66,-70,-72,B94
-38,-54,-50,-42,-60,-71,-67,B79
-51,-52,-50,-56,-67,-79,-91,C181
-42,-57,-51,-41,-69,-77,-75,B182
-66,-59,-47,-67,-51,-94,-88,D149
-40,-55,-53,-36,-60,-77,-77,B321
-46,-59,-55,-49,-69,-74,-84,B309
-57,-56,-54,-69,-75,-83,-81,A222
-65,-52,-48,-63,-48,-91,-88,D177
-35,-58,-55,-36,-62,-70,-73,B352
-52,-57,-51,-55,-65,-85,-85,C73
-60,-56,-58,-65,-70,-80,-87,A164
-54,-55,-50,-48,-64,-80,-78,C489
-71,-62,-65,-68,-83,-85,-86,A88
-64,-57,-63,-59,-69,-82,-86,A195
-49,-56,-54,-55,-62,-78,-81,C267
-68,-57,-62,-68,-77,-91,-86,A55
-60,-57,-52,-59,-47,-88,-85,D422
-52,-60,-52,-48,-70,-79,-79,C296
-61,-51,-60,-63,-66,-82,-87,A408
-60,-60,-51,-64,-53,-87,-87,D98
-44,-58,-63,-39,-80,-71,-72,B118
-47,-64,-53,-54,-60,-83,-84,C321
-60,-58,-56,-65,-68,-79,-86,A341
-42,-54,-58,-41,-63,-75,-78,B320
-67,-56,-60,-66,-73,-93,-87,A435
-41,-56,-54,-41,-76,-65,-68,B15
-48,-58,-54,-46,-66,-85,-88,C384
-14,-54,-57,-15,-69,-82,-71,B269
-18,-53,-60,-17,-71,-74,-71,B362
-39,-51,-57,-36,-64,-65,-71,B264
-45,-58,-55,-38,-68,-76,-75,B63
-50,-54,-51,-46,-63,-79,-84,C396
-68,-57,-64,-68,-77,-88,-85,A52
-57,-57,-59,-61,-67,-80,-83,A182
-47,-57,-49,-46,-63,-84,-86,C285
-17,-57,-55,-15,-62,-68,-70,B368
-64,-56,-58,-71,-69,-88,-84,A375
-58,-51,-59,-65,-74,-86,-82,A263
-62,-55,-58,-68,-69,-83,-88,A166
-51,-55,-50,-53,-62,-78,-84,C469
-49,-55,-49,-49,-60,-81,-81,C284
-58,-54,-49,-60,-55,-91,-93,D314
-18,-60,-59,-17,-68,-75,-75,B103
-51,-53,-49,-51,-65,-77,-89,C164
-71,-62,-63,-69,-75,-85,-87,A97
-65,-60,-65,-66,-73,-84,-93,A148
-52,-52,-52,-49,-62,-80,-80,C125
-62,-53,-64,-65,-69,-85,-85,A409
-62,-51,-54,-59,-64,-77,-81,A170
-51,-52,-51,-50,-69,-77,-88,C166
-65,-53,-53,-57,-64,-87,-80,A203
-59,-51,-56,-58,-50,-88,-86,D43
-60,-58,-57,-68,-50,-96,-87,D227
-65,-60,-67,-66,-68,-84,-89,A117
-47,-60,-59,-55,-70,-79,-85,C204
-57,-56,-60,-58,-70,-79,-84,A246
-59,-55,-61,-65,-68,-84,-84,A218
-60,-58,-57,-65,-69,-80,-89,A214
-36,-56,-53,-43,-63,-65,-70,B245
-44,-54,-54,-45,-73,-71,-79,B177
-64,-57,-63,-59,-68,-82,-83,A421
-34,-54,-56,-42,-68,-76,-75,B483
-36,-54,-54,-36,-62,-71,-70,B336
-60,-54,-56,-64,-70,-78,-80,A401
-51,-52,-53,-51,-59,-86,-78,C374
-68,-64,-66,-73,-81,-86,-83,A89
-52,-55,-51,-49,-64,-87,-84,C344
-56,-51,-62,-62,-71,-77,-82,A207
-58,-50,-59,-58,-68,-80,-81,A338
-61,-56,-52,-62,-52,-82,-87,D296
-62,-58,-57,-65,-70,-82,-91,A58
-17,-63,-60,-14,-72,-72,-77,B36
-39,-52,-53,-36,-61,-67,-70,B379
-26,-55,-55,-38,-71,-71,-70,B25
-17,-66,-61,-37,-68,-75,-77,B31
-63,-55,-62,-66,-76,-89,-85,A104
-62,-58,-50,-58,-47,-95,-87,D212
-57,-57,-51,-60,-53,-85,-89,D63
-50,-52,-52,-50,-67,-78,-89,C186
-60,-56,-57,-65,-49,-85,-89,D239
-35,-54,-54,-35,-59,-73,-70,B335
-63,-54,-55,-64,-72,-84,-81,A232
-66,-57,-57,-64,-69,-84,-90,A75
-65,-58,-64,-69,-81,-88,-90,A48
-34,-53,-52,-19,-65,-75,-69,B430
-51,-63,-51,-52,-66,-79,-89,C309
-46,-55,-58,-47,-64,-78,-78,C100
-40,-63,-67,-40,-75,-70,-70,B125
-62,-59,-46,-65,-45,-87,-88,D498
-39,-56,-55,-39,-68,-74,-73,B81
-34,-55,-58,-15,-65,-73,-72,B276
-65,-61,-63,-63,-69,-82,-84,A433
-53,-55,-54,-51,-69,-79,-81,C148
-57,-57,-54,-58,-56,-84,-87,D78
-55,-53,-52,-56,-58,-85,-88,C245
-52,-56,-52,-50,-65,-86,-84,C351
-57,-61,-45,-62,-48,-87,-88,D426
-64,-55,-55,-62,-49,-93,-85,D128
-40,-55,-49,-40,-61,-69,-66,B225
-41,-58,-58,-42,-64,-79,-80,B60
-38,-55,-56,-42,-66,-72,-75,B437
-36,-59,-55,-36,-65,-66,-70,B348
-60,-56,-67,-62,-69,-82,-86,A425
-64,-60,-63,-63,-72,-86,-84,A399
-57,-55,-50,-57,-49,-84,-85,D489
-39,-51,-50,-43,-63,-71,-66,B406
-12,-60,-62,-14,-71,-77,-71,B40
-50,-52,-51,-54,-67,-77,-88,C197
-59,-53,-57,-60,-51,-89,-95,D11
-34,-55,-55,-36,-62,-70,-71,B351
-42,-56,-50,-43,-68,-76,-77,B59
-60,-56,-62,-61,-69,-82,-81,A289
-63,-56,-55,-60,-52,-86,-98,D167
-58,-57,-46,-55,-50,-87,-85,D308
-40,-57,-57,-43,-68,-89,-72,B289
-45,-63,-57,-53,-57,-81,-84,C323
-62,-56,-49,-58,-45,-85,-82,D329
-52,-51,-53,-54,-68,-88,-84,C451
-60,-57,-58,-66,-65,-77,-80,A292
-50,-52,-52,-56,-67,-80,-89,C156
-35,-54,-56,-34,-61,-71,-74,B334
-49,-51,-52,-44,-60,-77,-77,C483
-39,-53,-51,-40,-64,-67,-64,B223
-62,-58,-54,-61,-52,-88,-85,D281
-40,-56,-53,-50,-71,-79,-78,B64
-50,-56,-56,-60,-60,-78,-86,C68
-40,-57,-47,-42,-64,-74,-71,B455
-59,-51,-55,-59,-54,-87,-88,D29
-54,-54,-55,-52,-61,-86,-78,C458
-41,-58,-60,-47,-70,-82,-74,B299
-69,-61,-62,-62,-75,-85,-84,A43
-68,-63,-68,-64,-74,-86,-84,A37
-59,-54,-48,-62,-47,-85,-89,D385
-52,-51,-49,-56,-65,-81,-83,C281
-49,-53,-50,-55,-59,-80,-87,C56
-38,-54,-56,-45,-56,-72,-68,B6
-47,-52,-49,-43,-57,-80,-79,C397
-58,-59,-56,-60,-50,-86,-83,D77
-56,-58,-60,-59,-66,-80,-77,A297
-48,-55,-53,-51,-63,-82,-86,C491
-52,-53,-51,-55,-65,-78,-88,C174
-48,-57,-49,-53,-62,-79,-87,C203
-51,-51,-51,-51,-65,-78,-88,C165
-43,-52,-55,-35,-61,-75,-76,B394
-48,-57,-56,-49,-64,-87,-76,B498
-52,-57,-52,-52,-70,-87,-77,C495
-66,-56,-57,-66,-73,-84,-87,A231
-50,-68,-48,-56,-63,-80,-77,C454
-64,-51,-57,-67,-68,-84,-82,A59
-49,-50,-50,-45,-64,-79,-77,C440
-61,-60,-50,-63,-45,-88,-91,D165
-61,-56,-53,-62,-63,-84,-91,A110
-18,-57,-63,-34,-72,-65,-75,B282
-61,-56,-63,-62,-73,-87,-91,A270
-36,-59,-57,-19,-70,-69,-75,B128
-65,-57,-45,-66,-47,-92,-92,D161
-45,-54,-53,-45,-68,-75,-84,C367
-47,-54,-55,-47,-66,-78,-86,C23
-59,-51,-49,-63,-45,-86,-83,D399
-59,-54,-60,-65,-66,-80,-90,A349
-66,-57,-55,-65,-51,-88,-88,D148
-61,-58,-50,-59,-52,-84,-84,D376
-60,-57,-56,-64,-52,-84,-88,D243
-45,-63,-60,-53,-67,-83,-85,C232
-59,-53,-57,-60,-51,-87,-88,D17
-61,-60,-57,-61,-74,-81,-82,A79
-38,-52,-54,-38,-64,-73,-77,B7
-11,-63,-65,-18,-70,-72,-73,B370
-61,-56,-46,-60,-50,-84,-86,D354
-65,-59,-65,-63,-68,-80,-83,A114
-69,-52,-48,-66,-48,-88,-87,D178
-36,-60,-53,-35,-72,-71,-64,B237
-68,-51,-59,-67,-65,-80,-87,A376
-67,-56,-65,-68,-82,-96,-89,A53
-59,-54,-59,-60,-50,-87,-86,D12
-63,-51,-50,-63,-67,-83,-79,A135
-60,-55,-58,-61,-72,-83,-82,A264
-59,-54,-59,-59,-67,-86,-80,A123
-42,-53,-50,-44,-71,-68,-64,B214
-50,-54,-53,-46,-66,-78,-87,C189
-62,-63,-62,-65,-68,-87,-86,A212
-42,-59,-57,-51,-62,-72,-76,B137
-38,-58,-53,-40,-63,-77,-70,B48
-42,-53,-49,-44,-74,-70,-65,B218
-59,-53,-49,-56,-49,-83,-88,D191
-58,-54,-58,-58,-67,-84,-88,A172
-56,-50,-56,-62,-61,-79,-85,A159
-53,-55,-52,-46,-63,-86,-85,C338
-36,-58,-59,-36,-69,-71,-77,B324
-62,-58,-57,-65,-68,-83,-79,A132
-60,-50,-57,-60,-50,-89,-86,D40
-48,-51,-54,-51,-58,-80,-77,C477
-60,-53,-59,-59,-53,-86,-86,D55
-52,-54,-55,-55,-60,-74,-78,C430
-41,-57,-63,-40,-73,-66,-65,B259
-46,-55,-54,-45,-62,-76,-73,B307
-60,-53,-50,-66,-39,-86,-86,D174
-62,-59,-62,-63,-74,-86,-81,A473
-59,-55,-48,-59,-46,-86,-83,D451
-60,-52,-48,-61,-48,-83,-84,D303
-58,-55,-53,-59,-52,-81,-84,D70
-51,-53,-52,-55,-67,-78,-88,C176
-49,-52,-57,-54,-59,-85,-88,C51
-63,-58,-64,-66,-70,-81,-91,A121
-65,-57,-60,-64,-74,-81,-90,A467
-61,-53,-53,-61,-63,-77,-81,A339
-51,-62,-59,-50,-66,-85,-77,C229
-52,-57,-50,-52,-60,-78,-79,C140
-48,-66,-57,-51,-70,-81,-80,C224
-51,-55,-53,-50,-63,-79,-86,C424
-61,-58,-60,-64,-73,-81,-82,A325
-63,-57,-55,-60,-50,-86,-92,D319
-47,-53,-55,-57,-62,-80,-78,C64
-47,-58,-56,-51,-70,-81,-86,C494
-57,-55,-48,-59,-51,-81,-86,D484
-39,-62,-58,-37,-69,-73,-72,B23
-62,-56,-57,-64,-65,-85,-83,A390
-45,-59,-56,-54,-64,-84,-78,C61
-64,-59,-68,-67,-74,-82,-82,A140
-63,-58,-50,-57,-46,-91,-93,D272
-63,-58,-50,-63,-48,-91,-85,D114
-51,-55,-56,-49,-58,-84,-84,C362
-63,-58,-62,-65,-68,-81,-74,A371
-60,-51,-59,-63,-68,-81,-76,A346
-59,-51,-46,-58,-46,-90,-90,D412
-58,-56,-46,-56,-62,-84,-87,D266
-40,-59,-59,-39,-73,-71,-72,B323
-36,-58,-52,-26,-61,-70,-70,B338
-38,-58,-62,-41,-64,-76,-73,B492
-38,-57,-50,-38,-60,-74,-69,B317
-64,-56,-48,-62,-53,-88,-87,D278
-68,-55,-66,-68,-75,-82,-83,A451
-52,-54,-52,-49,-63,-86,-81,C346
-49,-52,-54,-52,-60,-83,-79,C92
-52,-57,-50,-51,-65,-79,-79,C132
-62,-51,-46,-61,-49,-87,-85,D449
-50,-49,-51,-50,-61,-83,-85,C399
-64,-59,-46,-65,-48,-91,-91,D153
-60,-59,-56,-63,-64,-82,-81,A188
-65,-53,-60,-62,-69,-85,-83,A32
-58,-53,-44,-62,-52,-84,-88,D394
-59,-57,-49,-66,-41,-87,-86,D373
-61,-62,-54,-69,-46,-93,-98,D259
-51,-60,-59,-46,-68,-78,-83,C263
-58,-56,-44,-60,-47,-84,-85,D298
-52,-56,-50,-52,-60,-80,-80,C143
-40,-56,-57,-35,-84,-70,-66,B126
-70,-62,-68,-65,-81,-89,-83,A38
-52,-57,-53,-49,-61,-88,-85,C349
-35,-59,-57,-27,-61,-71,-76,B342
-51,-52,-51,-51,-65,-77,-89,C162
-59,-57,-50,-59,-50,-89,-80,D86
-53,-54,-59,-54,-62,-81,-82,C49
-62,-52,-61,-66,-65,-85,-89,A63
-59,-56,-61,-66,-71,-83,-82,A372
-57,-54,-49,-61,-43,-79,-85,D491
-48,-60,-57,-52,-61,-85,-84,C113
-46,-48,-53,-49,-59,-80,-78,C425
-57,-56,-56,-61,-70,-77,-77,A181
-60,-54,-56,-65,-43,-88,-87,D273
-17,-59,-63,-15,-70,-76,-85,B129
-70,-59,-56,-64,-46,-88,-95,D103
-52,-53,-57,-52,-57,-83,-83,C390
-60,-59,-58,-63,-72,-82,-79,A156
-58,-55,-59,-58,-72,-77,-81,A178
-63,-59,-45,-65,-47,-89,-92,D154
-17,-74,-60,-15,-73,-71,-80,B38
-66,-57,-62,-61,-74,-81,-89,A466
-66,-59,-64,-67,-77,-87,-85,A40
-57,-59,-44,-60,-56,-87,-85,D203
-66,-58,-61,-63,-73,-81,-85,A474
-62,-54,-56,-64,-75,-88,-85,A130
-13,-63,-65,-16,-74,-73,-74,B106
-60,-55,-46,-59,-49,-87,-83,D450
-66,-69,-63,-69,-79,-88,-86,A54
-57,-54,-56,-56,-68,-79,-82,A173
-54,-61,-51,-44,-63,-79,-76,C274
-51,-48,-56,-53,-61,-80,-79,C280
-50,-49,-57,-49,-61,-82,-86,C388
-61,-56,-58,-67,-68,-80,-81,A228
-58,-52,-58,-60,-52,-86,-89,D18
-38,-54,-53,-36,-66,-73,-75,B438
-20,-63,-61,-35,-70,-73,-71,B95
-46,-54,-50,-54,-59,-81,-77,C55
-48,-54,-52,-54,-58,-87,-89,C288
-43,-55,-52,-42,-60,-74,-67,B474
-40,-50,-50,-37,-64,-71,-78,B407
-61,-58,-58,-62,-66,-81,-81,A418
-57,-55,-58,-64,-65,-87,-79,A303
-44,-50,-57,-45,-61,-72,-67,B471
-60,-53,-59,-64,-65,-76,-81,A216
-42,-54,-50,-45,-63,-68,-64,B217
-59,-54,-63,-72,-75,-81,-78,A236
-50,-52,-52,-47,-65,-77,-89,C161
-63,-57,-58,-62,-73,-86,-85,A243
-51,-52,-56,-52,-66,-80,-89,C202
-48,-55,-58,-50,-63,-81,-86,C319
-46,-56,-57,-55,-66,-82,-85,C9
-49,-49,-53,-47,-57,-80,-77,C12
-59,-57,-56,-61,-52,-86,-85,D15
-14,-56,-57,-35,-68,-77,-72,B432
-63,-55,-63,-68,-77,-87,-89,A66
-48,-53,-56,-37,-59,-75,-83,B388
-58,-51,-49,-61,-48,-88,-85,D299
-50,-57,-61,-50,-74,-83,-79,B151
-27,-55,-57,-37,-67,-71,-71,B27
-61,-56,-47,-60,-48,-83,-87,D340
-62,-50,-61,-64,-73,-80,-81,A183
-61,-54,-60,-61,-74,-87,-83,A31
-62,-59,-61,-66,-75,-86,-80,A271
-62,-55,-64,-61,-60,-81,-77,A487
-40,-52,-51,-45,-64,-70,-65,B222
-45,-59,-57,-51,-62,-77,-85,C221
-52,-56,-53,-50,-62,-84,-81,C336
-59,-62,-54,-62,-46,-87,-91,D129
-60,-53,-60,-67,-64,-81,-79,A369
-35,-59,-57,-42,-66,-71,-70,B255
-62,-60,-66,-68,-80,-86,-91,A10
-57,-56,-59,-59,-64,-79,-78,A253
-58,-48,-59,-59,-64,-84,-77,A234
-14,-55,-58,-36,-67,-72,-74,B272
-41,-59,-53,-40,-62,-72,-76,B136
-65,-56,-49,-61,-44,-88,-91,D171
-59,-56,-58,-68,-62,-80,-81,A293
-50,-59,-55,-47,-72,-79,-80,C120
-47,-54,-56,-47,-62,-78,-83,C419
-45,-58,-63,-45,-80,-76,-65,B119
-41,-56,-50,-43,-66,-77,-76,B400
-53,-58,-51,-48,-63,-85,-78,C303
-59,-52,-56,-58,-55,-88,-87,D19
-44,-53,-52,-36,-70,-72,-76,B447
-45,-53,-55,-50,-63,-83,-82,C29
-37,-53,-57,-38,-71,-68,-64,B481
-52,-54,-49,-52,-58,-81,-82,C383
-63,-56,-63,-65,-72,-82,-89,A23
-64,-54,-52,-58,-52,-89,-88,D194
-48,-46,-50,-54,-63,-87,-77,C238
-49,-53,-55,-46,-59,-81,-93,C10
-56,-55,-54,-61,-46,-79,-79,D490
-36,-54,-56,-16,-61,-64,-79,B363
-60,-57,-50,-63,-49,-87,-86,D365
-66,-56,-56,-66,-49,-89,-87,D135
-37,-55,-55,-40,-73,-72,-74,B491
-63,-56,-60,-62,-70,-84,-91,A17
-66,-56,-55,-67,-48,-87,-87,D136
-60,-56,-59,-66,-68,-81,-83,A356
-68,-55,-63,-61,-74,-79,-85,A460
-37,-56,-53,-43,-63,-72,-77,B194
-62,-55,-58,-62,-67,-81,-77,A257
-63,-59,-58,-64,-74,-82,-90,A74
-44,-55,-61,-41,-66,-72,-68,B2
-59,-57,-59,-64,-73,-79,-84,A261
-64,-63,-56,-64,-47,-92,-83,D291
-58,-56,-56,-61,-52,-85,-85,D76
-64,-58,-60,-68,-66,-86,-88,A353
-60,-53,-52,-64,-46,-85,-83,D350
-49,-56,-60,-47,-72,-80,-79,B154
-48,-53,-50,-55,-66,-83,-82,C59
-67,-53,-46,-64,-48,-88,-87,D180
-63,-57,-62,-65,-76,-82,-88,A35
-40,-54,-54,-45,-71,-76,-74,B300
-64,-57,-56,-63,-68,-85,-81,A266
-65,-54,-65,-70,-74,-83,-82,A446
-55,-53,-57,-67,-64,-80,-78,A483
-48,-58,-52,-53,-61,-88,-83,C327
-36,-55,-65,-34,-66,-70,-74,B364
-61,-58,-60,-62,-70,-81,-85,A432
-62,-54,-55,-61,-63,-84,-81,A307
-63,-53,-60,-68,-67,-87,-85,A61
-59,-57,-52,-71,-49,-92,-88,D223
-71,-59,-52,-62,-48,-91,-83,D292
-65,-58,-61,-71,-69,-87,-83,A366
-50,-59,-60,-51,-64,-86,-85,C473
-50,-56,-63,-45,-71,-76,-78,B146
-51,-53,-56,-56,-64,-77,-88,C177
-38,-53,-52,-40,-63,-73,-77,B441
-67,-61,-63,-65,-71,-81,-87,A362
-62,-56,-61,-65,-74,-78,-76,A210
-50,-56,-53,-52,-68,-84,-77,C155
-63,-53,-59,-62,-45,-88,-86,D317
-59,-59,-48,-66,-50,-86,-94,D496
-41,-58,-53,-38,-65,-79,-72,B54
-61,-56,-64,-61,-72,-83,-86,A428
-40,-55,-47,-47,-64,-75,-79,B88
-49,-52,-53,-54,-65,-77,-88,C196
-49,-54,-50,-51,-66,-78,-82,C464
-61,-52,-58,-59,-70,-76,-79,A495
-64,-66,-54,-67,-70,-83,-82,A318
-64,-52,-57,-61,-66,-82,-81,A492
-58,-54,-52,-61,-53,-85,-89,D66
-64,-55,-52,-61,-50,-92,-94,D209
-62,-60,-61,-66,-69,-80,-86,A430
-60,-57,-56,-65,-50,-96,-87,D231
-36,-56,-57,-46,-68,-68,-70,B251
-40,-58,-60,-49,-72,-74,-80,B168
-36,-55,-53,-35,-64,-72,-66,B422
-46,-57,-55,-44,-65,-86,-77,B499
-52,-55,-52,-52,-62,-82,-84,C335
-70,-62,-62,-67,-69,-88,-86,A442
-60,-57,-55,-66,-69,-82,-89,A77
-50,-58,-51,-52,-60,-81,-79,C84
-48,-52,-52,-56,-68,-81,-84,C40
-59,-57,-60,-60,-63,-81,-77,A482
-36,-55,-55,-36,-60,-73,-72,B333
-51,-59,-51,-48,-67,-79,-79,C295
-65,-60,-62,-68,-69,-84,-89,A85
-55,-52,-46,-59,-53,-88,-84,D58
-61,-55,-56,-66,-73,-79,-80,A486
-51,-52,-51,-55,-66,-78,-89,C173
-51,-55,-59,-51,-58,-87,-81,C385
-27,-60,-56,-18,-65,-68,-72,B280
-19,-57,-59,-38,-66,-72,-71,B267
-59,-54,-56,-62,-67,-81,-82,A126
-10,-58,-54,-18,-70,-72,-73,B371
-48,-57,-51,-51,-60,-79,-80,C255
-61,-58,-64,-61,-64,-78,-82,A344
-45,-52,-52,-51,-64,-84,-84,C271
-57,-61,-56,-60,-53,-86,-86,D65
-38,-54,-51,-37,-66,-74,-76,B382
-49,-49,-53,-48,-63,-84,-88,C18
-62,-59,-62,-60,-68,-80,-89,A343
-40,-70,-47,-43,-69,-73,-84,B457
-50,-57,-59,-43,-62,-76,-78,C492
-44,-53,-51,-49,-60,-84,-76,C275
-47,-50,-53,-47,-63,-76,-79,C256
-62,-54,-60,-61,-70,-79,-81,A419
-64,-57,-53,-64,-47,-88,-91,D89
-61,-62,-64,-65,-73,-81,-90,A229
-35,-55,-56,-37,-66,-65,-69,B350
-63,-54,-50,-55,-50,-85,-79,D69
-62,-63,-52,-70,-48,-87,-87,D99
-60,-60,-46,-54,-49,-81,-83,D307
-58,-49,-50,-61,-51,-83,-87,D341
-62,-54,-58,-64,-65,-77,-85,A308
-37,-53,-51,-37,-66,-71,-75,B190
-49,-56,-59,-49,-74,-82,-80,B156
-52,-55,-55,-54,-65,-85,-78,C242
-57,-53,-51,-57,-48,-88,-85,D293
-47,-58,-51,-43,-65,-80,-80,C418
-63,-60,-69,-65,-71,-85,-86,A82
-61,-59,-54,-65,-66,-81,-89,A359
-49,-55,-51,-49,-63,-81,-73,C76
-72,-62,-63,-76,-81,-84,-91,A100
-44,-57,-62,-41,-75,-65,-68,B122
-62,-56,-61,-67,-67,-81,-85,A60
-51,-62,-59,-52,-68,-85,-78,C230
-40,-52,-50,-41,-64,-69,-66,B224
-39,-54,-61,-43,-75,-64,-74,B12
-39,-48,-51,-38,-63,-69,-89,B485
-60,-56,-43,-61,-50,-89,-87,D198
-58,-54,-59,-62,-68,-79,-87,A331
-63,-55,-62,-63,-70,-80,-75,A129
-42,-58,-65,-46,-71,-77,-73,B162
-59,-55,-49,-60,-42,-92,-93,D325
-34,-57,-55,-35,-59,-71,-69,B337
-57,-55,-50,-63,-50,-89,-79,D382
-59,-52,-44,-57,-49,-85,-87,D219
-52,-53,-53,-56,-64,-78,-88,C171
-57,-57,-48,-59,-49,-88,-88,D313
-45,-52,-59,-43,-71,-74,-79,B494
-54,-59,-52,-63,-62,-76,-81,C72
-47,-58,-49,-45,-66,-85,-79,C89
-48,-57,-54,-50,-66,-83,-78,C44
-64,-60,-44,-66,-52,-91,-92,D160
-58,-53,-61,-62,-64,-78,-81,A295
-10,-57,-57,-36,-73,-82,-72,B270
-62,-64,-62,-65,-75,-82,-86,A414
-60,-57,-58,-58,-50,-83,-88,D192
-61,-55,-46,-57,-46,-83,-85,D294
-55,-60,-51,-53,-63,-85,-87,C498
-61,-57,-63,-67,-72,-77,-82,A301
-60,-56,-48,-61,-49,-92,-82,D377
-49,-51,-53,-41,-64,-77,-79,C91
-63,-58,-64,-67,-74,-87,-87,A149
-38,-55,-57,-41,-66,-73,-69,B187
-56,-53,-51,-59,-50,-84,-84,D464
-35,-58,-59,-40,-75,-75,-73,B97
-56,-52,-50,-58,-57,-85,-88,C247
-44,-57,-64,-40,-75,-69,-64,B120
-57,-56,-48,-66,-49,-84,-91,D339
-59,-55,-62,-64,-68,-77,-86,A71
-59,-49,-57,-58,-65,-76,-79,A500
-65,-52,-46,-65,-49,-88,-87,D182
-49,-53,-52,-52,-64,-74,-84,C480
-61,-58,-57,-66,-49,-93,-86,D230
-62,-54,-62,-68,-80,-80,-78,A184
-49,-53,-51,-53,-67,-81,-83,C45
-64,-58,-59,-61,-70,-84,-86,A107
-40,-54,-53,-36,-61,-77,-74,B490
-51,-57,-59,-45,-77,-75,-81,B142
-49,-54,-55,-53,-66,-73,-80,B319
-61,-52,-60,-61,-68,-80,-84,A398
-51,-55,-51,-48,-63,-88,-84,C342
-59,-51,-64,-57,-69,-80,-80,A337
-63,-57,-67,-66,-79,-86,-89,A25
-62,-52,-56,-63,-64,-78,-81,A479
-62,-59,-59,-64,-65,-80,-81,A327
-61,-57,-54,-65,-52,-89,-88,D170
-49,-53,-50,-48,-67,-78,-88,C191
-49,-54,-52,-56,-60,-85,-73,C463
-45,-50,-50,-55,-57,-76,-75,C253
-52,-55,-52,-50,-61,-86,-84,C355
-49,-58,-49,-51,-59,-89,-79,C361
-35,-56,-57,-34,-60,-73,-80,B340
-34,-61,-61,-36,-60,-73,-76,B341
-46,-56,-52,-51,-62,-85,-81,C153
-37,-59,-55,-38,-65,-67,-68,B202
-39,-56,-53,-49,-70,-80,-75,B175
-66,-57,-55,-65,-48,-91,-87,D138
-50,-53,-52,-50,-61,-79,-83,C493
-37,-58,-53,-43,-76,-66,-69,B415
-68,-57,-67,-68,-75,-83,-83,A456
-69,-59,-59,-65,-78,-86,-87,A102
-63,-58,-62,-71,-74,-92,-94,A115
-45,-58,-59,-42,-66,-81,-75,B55
-66,-53,-59,-62,-69,-81,-79,A288
-63,-57,-47,-64,-49,-86,-81,D271
-68,-58,-65,-67,-83,-89,-86,A46
-62,-58,-61,-68,-70,-85,-86,A56
-37,-54,-53,-36,-65,-76,-72,B460
-49,-62,-56,-50,-63,-83,-89,C213
-43,-55,-55,-39,-69,-67,-71,B16
-61,-55,-58,-67,-69,-84,-86,A323
-37,-50,-56,-39,-67,-69,-70,B252
-49,-52,-48,-52,-62,-78,-75,C80
-58,-54,-46,-55,-50,-87,-91,D205
-50,-53,-50,-55,-68,-78,-87,C182
-38,-51,-54,-45,-67,-72,-76,B87
-47,-55,-54,-50,-72,-80,-88,C47
-64,-58,-45,-65,-51,-92,-92,D158
-63,-58,-59,-65,-74,-86,-84,A459
-46,-53,-54,-46,-63,-79,-82,C31
-39,-57,-55,-37,-67,-70,-73,B96
-67,-64,-47,-64,-50,-88,-91,D164
-54,-53,-54,-50,-63,-79,-77,C2
-46,-47,-47,-50,-65,-79,-84,C465
-59,-58,-62,-67,-65,-80,-83,A381
-51,-54,-53,-52,-63,-81,-76,C269
-51,-52,-51,-47,-65,-76,-87,C163
-57,-58,-65,-62,-77,-80,-87,A103
-56,-53,-64,-61,-72,-84,-81,A189
-48,-55,-58,-52,-64,-92,-79,C79
-59,-56,-62,-59,-67,-75,-78,A397
-59,-56,-41,-54,-46,-89,-88,D279
-58,-51,-59,-63,-69,-81,-80,A273
-59,-52,-57,-60,-54,-91,-89,D35
-38,-60,-57,-38,-65,-79,-76,B46
-49,-58,-55,-52,-60,-83,-84,C151
-60,-56,-44,-53,-46,-87,-88,D277
-44,-52,-60,-37,-66,-67,-73,B19
-41,-60,-54,-43,-73,-80,-74,B302
-59,-51,-57,-59,-52,-87,-86,D45
-52,-61,-51,-52,-66,-80,-89,C310
-35,-58,-50,-35,-62,-72,-67,B284
-47,-46,-53,-46,-59,-79,-79,C482
-45,-56,-60,-46,-81,-79,-75,B150
-56,-60,-55,-55,-53,-88,-85,D306
-51,-53,-52,-54,-65,-77,-87,C170
-62,-59,-50,-66,-54,-95,-84,D364
-59,-54,-57,-65,-62,-80,-82,A294
-39,-52,-56,-36,-64,-68,-69,B450
-62,-56,-67,-63,-68,-82,-86,A239
-61,-54,-60,-60,-64,-79,-81,A490
-38,-50,-49,-42,-69,-73,-77,B440
-49,-49,-53,-45,-58,-87,-89,C404
-36,-58,-56,-39,-62,-67,-73,B427
-56,-54,-48,-57,-51,-84,-89,D204
-63,-55,-50,-63,-50,-91,-85,D494
-65,-58,-70,-66,-71,-85,-83,A119
-59,-53,-49,-59,-45,-89,-88,D195
-37,-54,-54,-41,-64,-72,-78,B398
-34,-53,-59,-36,-75,-73,-69,B331
-62,-57,-56,-63,-66,-84,-82,A391
-13,-55,-55,-21,-70,-73,-77,B375
-59,-58,-48,-53,-55,-80,-88,D437
-34,-60,-52,-37,-71,-66,-75,B482
-45,-54,-48,-49,-65,-78,-81,C25
-40,-55,-57,-50,-66,-75,-73,B304
-64,-62,-57,-69,-67,-77,-81,A321
-46,-52,-51,-55,-60,-80,-76,C376
-38,-56,-48,-39,-71,-72,-71,B452
-60,-54,-57,-60,-66,-80,-88,A217
-45,-58,-54,-46,-69,-87,-77,B500
-43,-55,-50,-39,-61,-69,-73,B473
-66,-59,-64,-68,-68,-97,-83,A26
-46,-58,-56,-43,-70,-72,-80,B297
-38,-56,-53,-47,-61,-72,-83,B80
-37,-51,-56,-36,-62,-72,-71,B285
-37,-59,-57,-43,-73,-65,-66,B11
-61,-52,-48,-61,-45,-90,-88,D395
-48,-58,-56,-38,-65,-67,-76,B207
-38,-56,-55,-39,-75,-71,-75,B114
-58,-53,-58,-64,-73,-82,-82,A233
-67,-56,-52,-64,-51,-89,-85,D144
-48,-54,-53,-51,-61,-77,-80,C478
-47,-58,-55,-45,-62,-79,-85,B308
-62,-60,-64,-74,-76,-81,-91,A139
-63,-54,-53,-65,-52,-92,-89,D101
-64,-55,-55,-58,-51,-89,-88,D193
-49,-56,-53,-52,-58,-89,-86,C240
-66,-58,-56,-66,-79,-86,-93,A73
-62,-51,-53,-60,-67,-78,-85,A160
-45,-51,-59,-53,-62,-82,-85,C8
-38,-60,-57,-39,-70,-70,-74,B413
-62,-58,-58,-63,-68,-82,-84,A389
-58,-56,-48,-65,-49,-87,-81,D368
-63,-57,-65,-69,-77,-81,-85,A69
-50,-52,-49,-45,-64,-76,-78,C377
-60,-59,-55,-66,-66,-82,-86,A489
-63,-57,-66,-63,-68,-82,-82,A422
-37,-57,-51,-39,-70,-76,-72,B464
-65,-57,-56,-63,-48,-92,-85,D146
-36,-54,-54,-37,-66,-75,-71,B461
-51,-53,-57,-51,-60,-76,-79,C398
-59,-57,-48,-69,-52,-87,-87,D346
-44,-57,-53,-46,-67,-78,-79,B178
-49,-61,-56,-49,-64,-84,-89,C214
-63,-55,-63,-62,-68,-89,-85,A259
-35,-57,-59,-36,-63,-74,-75,B265
-62,-57,-58,-65,-71,-87,-86,A245
-60,-53,-48,-61,-46,-85,-85,D262
-61,-54,-60,-62,-66,-79,-85,A348
-52,-56,-50,-54,-59,-79,-80,C144
-17,-61,-60,-15,-72,-69,-79,B37
-36,-60,-57,-37,-68,-66,-77,B127
-48,-63,-55,-42,-71,-81,-79,B157
-38,-56,-56,-37,-62,-67,-67,B201
-52,-56,-47,-53,-61,-78,-79,C139
-61,-58,-56,-67,-50,-95,-88,D232
-62,-56,-61,-63,-65,-83,-89,A407
-63,-58,-66,-63,-68,-87,-83,A283
-43,-58,-56,-43,-67,-78,-82,B76
-65,-57,-63,-71,-76,-87,-86,A437
-60,-63,-54,-63,-47,-88,-92,D287
-55,-57,-49,-52,-53,-82,-86,D190
-60,-57,-66,-64,-70,-84,-88,A427
-41,-58,-66,-41,-73,-71,-79,B112
-37,-56,-56,-35,-69,-73,-69,B322
-45,-57,-58,-45,-77,-78,-80,B66
-55,-50,-46,-57,-48,-76,-87,D378
-14,-55,-57,-34,-67,-71,-72,B271
-58,-57,-50,-58,-50,-82,-84,D362
-48,-56,-50,-45,-61,-80,-80,C17
-65,-56,-54,-63,-49,-92,-89,D142
-61,-52,-49,-56,-46,-84,-83,D2
-56,-54,-50,-58,-50,-83,-85,D391
-67,-56,-65,-66,-75,-83,-81,A450
-64,-55,-52,-74,-53,-89,-80,D87
-52,-60,-51,-54,-61,-86,-87,C496
-47,-52,-56,-56,-62,-83,-83,C268
-58,-51,-56,-58,-50,-88,-88,D42
-59,-57,-63,-66,-65,-82,-78,A267
-40,-55,-66,-39,-75,-73,-78,B172
-18,-62,-59,-14,-73,-71,-78,B35
-62,-51,-58,-65,-72,-80,-88,A400
-38,-58,-59,-41,-65,-68,-74,B26
-65,-58,-62,-67,-77,-86,-91,A47
-62,-49,-56,-63,-67,-78,-80,A220
-61,-56,-61,-74,-69,-87,-89,A351
-50,-51,-49,-48,-54,-77,-77,C257
-51,-55,-54,-49,-60,-79,-84,C101
-60,-57,-66,-60,-68,-87,-89,A281
-66,-52,-63,-63,-68,-80,-87,A405
-40,-52,-53,-39,-61,-75,-73,B472
-48,-59,-53,-45,-74,-81,-81,C99
-36,-55,-53,-46,-63,-68,-71,B242
-52,-58,-51,-53,-60,-80,-80,C145
-64,-55,-54,-64,-68,-89,-81,A410
-52,-57,-58,-57,-68,-86,-83,C209
-46,-52,-54,-47,-64,-79,-81,C32
-59,-52,-61,-57,-69,-83,-78,A332
-63,-56,-50,-56,-49,-89,-92,D321
-65,-62,-62,-65,-77,-84,-85,A30
-58,-51,-46,-58,-50,-79,-87,D206
-58,-54,-52,-61,-74,-75,-82,A201
-58,-59,-59,-65,-65,-82,-94,A241
-49,-50,-51,-44,-60,-83,-79,C415
-64,-58,-60,-67,-68,-84,-81,A443
-64,-59,-62,-63,-69,-84,-81,A431
-62,-59,-52,-69,-46,-91,-98,D260
-38,-52,-59,-48,-67,-64,-75,B210
-50,-56,-54,-50,-71,-79,-77,C3
-62,-53,-59,-62,-66,-82,-87,A393
-39,-59,-49,-37,-68,-70,-72,B449
-49,-64,-53,-52,-63,-73,-78,C223
-59,-57,-56,-65,-49,-91,-86,D229
-42,-54,-54,-43,-59,-74,-72,B402
-40,-53,-53,-40,-64,-64,-73,B228
-59,-53,-55,-60,-51,-87,-87,D52
-60,-53,-60,-61,-69,-81,-83,A396
-60,-55,-54,-58,-55,-86,-88,D371
-34,-48,-51,-37,-70,-78,-69,B330
-51,-60,-57,-54,-64,-84,-83,C233
-57,-55,-45,-59,-50,-85,-85,D300
-63,-57,-59,-66,-71,-82,-83,A284
-61,-61,-52,-68,-45,-88,-88,D106
-51,-58,-56,-48,-61,-79,-82,C413
-61,-54,-56,-59,-68,-82,-83,A122
-41,-59,-53,-40,-69,-80,-78,B56
-66,-57,-59,-64,-69,-82,-84,A386
-38,-55,-56,-36,-64,-70,-66,B451
-45,-46,-58,-53,-59,-77,-82,C272
-64,-59,-51,-62,-51,-88,-91,D90
-69,-58,-56,-61,-73,-81,-93,A464
-38,-59,-52,-44,-69,-68,-76,B206
-52,-60,-65,-48,-64,-79,-75,B161
-37,-58,-57,-37,-73,-75,-71,B185
-52,-52,-51,-51,-74,-86,-80,C307
-62,-59,-61,-59,-69,-82,-83,A249
-58,-53,-42,-61,-51,-87,-82,D405
-17,-56,-54,-36,-66,-73,-77,B361
-60,-52,-59,-65,-66,-82,-80,A476
-61,-55,-45,-57,-53,-91,-82,D304
-50,-55,-52,-47,-65,-83,-91,C481
-51,-51,-45,-53,-59,-84,-76,C287
-41,-57,-55,-43,-65,-71,-76,B77
-66,-54,-54,-64,-47,-89,-86,D133
-61,-54,-51,-63,-44,-87,-88,D495
-52,-64,-54,-56,-70,-84,-78,C115
-62,-56,-63,-66,-74,-82,-80,A199
-53,-52,-51,-53,-64,-80,-81,C123
-64,-57,-53,-61,-50,-86,-98,D168
-64,-57,-48,-60,-39,-88,-85,D216
-57,-56,-49,-58,-50,-87,-85,D310
-57,-53,-45,-54,-52,-84,-82,D476
-64,-58,-50,-65,-50,-91,-85,D94
-53,-56,-51,-50,-61,-83,-81,C331
-63,-59,-60,-65,-69,-81,-84,A384
-39,-54,-56,-40,-70,-77,-78,B298
-60,-54,-53,-64,-47,-85,-86,D351
-35,-53,-55,-47,-61,-66,-71,B246
-51,-52,-58,-49,-60,-84,-74,C408
-35,-58,-55,-38,-61,-74,-79,B186
-62,-50,-57,-59,-72,-82,-84,A206
-48,-57,-53,-43,-64,-81,-85,C370
-59,-53,-45,-57,-45,-81,-82,D492
-38,-56,-53,-28,-71,-67,-72,B191
-35,-57,-53,-34,-64,-76,-76,B266
-53,-54,-54,-50,-61,-82,-84,C334
-51,-62,-53,-51,-64,-86,-79,C452
-45,-50,-57,-49,-63,-81,-82,C98
-63,-57,-60,-64,-72,-80,-78,A314
-58,-55,-58,-61,-64,-81,-84,A310
-49,-56,-58,-50,-64,-75,-73,B184
-49,-51,-50,-53,-64,-79,-78,C487
-45,-56,-57,-47,-61,-76,-78,C78
-63,-58,-47,-66,-48,-93,-92,D156
-41,-59,-54,-41,-58,-80,-80,B72
-50,-49,-54,-48,-62,-79,-75,C13
-62,-56,-56,-61,-68,-81,-86,A124
-48,-58,-50,-53,-62,-81,-87,C476
-42,-54,-55,-49,-67,-80,-74,B303
-59,-55,-46,-66,-50,-86,-91,D361
-51,-52,-56,-56,-63,-79,-80,C121
-50,-49,-52,-56,-69,-80,-81,C152
-49,-56,-57,-51,-65,-87,-81,C386
-39,-59,-57,-42,-75,-78,-74,B180
-50,-56,-51,-49,-67,-84,-81,C262
-61,-57,-51,-56,-49,-88,-85,D221
-62,-55,-53,-65,-50,-88,-93,D109
-51,-53,-54,-53,-62,-83,-82,C236
-43,-59,-51,-53,-61,-83,-85,C314
-66,-59,-65,-68,-75,-88,-84,A41
-62,-56,-64,-69,-75,-81,-84,A145
-36,-55,-58,-37,-76,-72,-69,B480
-41,-57,-64,-42,-74,-69,-70,B116
-52,-57,-50,-52,-65,-79,-77,C130
-62,-55,-65,-59,-69,-86,-87,A277
-57,-52,-56,-60,-52,-91,-85,D37
-63,-48,-51,-59,-69,-77,-82,A134
-59,-53,-57,-62,-55,-88,-85,D32
-65,-61,-65,-67,-69,-87,-84,A7
-63,-59,-65,-62,-65,-83,-80,A248
-65,-61,-56,-67,-50,-89,-91,D124
-61,-58,-53,-57,-45,-86,-90,D423
-58,-59,-44,-57,-54,-82,-89,D5
-12,-56,-58,-16,-70,-75,-79,B373
-64,-57,-60,-60,-65,-80,-91,A379
-46,-59,-54,-52,-67,-77,-83,B311
-56,-56,-62,-64,-70,-79,-86,A250
-40,-56,-58,-42,-67,-62,-71,B14
-50,-57,-50,-59,-62,-91,-93,C282
-65,-59,-65,-67,-89,-85,-83,A120
-45,-63,-57,-55,-58,-79,-85,C322
-56,-51,-52,-59,-48,-87,-82,D463
-42,-54,-52,-40,-61,-73,-71,B229
-61,-52,-49,-58,-51,-91,-84,D312
-67,-60,-66,-65,-75,-86,-87,A24
-49,-49,-47,-50,-59,-79,-88,C428
-61,-52,-48,-57,-47,-85,-85,D301
-61,-56,-52,-58,-52,-82,-85,D322
-48,-54,-54,-49,-67,-77,-89,C187
-53,-53,-51,-50,-66,-82,-82,C436
-64,-55,-63,-66,-76,-88,-83,A6
-58,-56,-51,-59,-65,-81,-84,A480
-41,-60,-65,-51,-72,-74,-78,B165
-66,-55,-60,-69,-66,-85,-87,A352
-58,-58,-46,-57,-47,-81,-80,D434
-49,-59,-57,-50,-72,-80,-91,C211
-12,-54,-54,-11,-70,-75,-74,B360
-36,-55,-50,-41,-66,-72,-69,B376
-35,-53,-57,-46,-64,-65,-70,B247
-50,-55,-51,-57,-58,-86,-86,C106
-49,-60,-56,-50,-63,-84,-87,C216
-66,-59,-52,-63,-59,-88,-87,D121
-45,-55,-57,-47,-61,-78,-80,C414
-46,-56,-54,-49,-63,-81,-82,C22
-34,-53,-56,-18,-70,-76,-75,B434
-19,-59,-55,-37,-73,-72,-66,B98
-60,-51,-53,-63,-42,-87,-82,D217
-43,-60,-68,-46,-72,-83,-79,B167
-61,-49,-42,-66,-43,-80,-91,D401
-47,-58,-50,-55,-64,-76,-74,C438
-49,-54,-53,-50,-70,-78,-86,C188
-53,-54,-56,-52,-63,-81,-85,C488
-61,-55,-45,-55,-56,-85,-85,D119
-58,-58,-51,-61,-51,-85,-89,D384
-63,-58,-65,-66,-78,-81,-88,A146
-55,-50,-51,-61,-48,-82,-79,D3
-37,-52,-57,-36,-71,-66,-75,B314
-45,-56,-55,-46,-68,-79,-78,C446
-47,-51,-56,-50,-60,-78,-80,C441
-61,-55,-62,-62,-65,-82,-81,A302
-15,-60,-59,-37,-65,-74,-73,B102
-62,-51,-58,-61,-63,-77,-80,A158
-63,-54,-47,-64,-50,-83,-88,D269
-52,-52,-57,-45,-67,-81,-86,C105
-43,-55,-54,-42,-58,-71,-72,B288
-66,-53,-58,-63,-69,-81,-80,A287
-56,-51,-43,-59,-47,-83,-89,D57
-40,-52,-49,-41,-62,-69,-65,B227
-41,-58,-56,-40,-73,-69,-73,B3
-36,-52,-55,-36,-69,-64,-70,B468
-46,-58,-55,-49,-64,-78,-84,C36
-56,-56,-40,-62,-50,-86,-86,D275
-62,-53,-61,-59,-74,-84,-81,A262
-60,-49,-48,-62,-48,-85,-93,D327
-42,-53,-53,-42,-63,-72,-72,B395
-62,-57,-61,-64,-68,-82,-82,A213
-58,-65,-47,-71,-51,-86,-83,D367
-51,-52,-49,-50,-63,-79,-79,C90
-64,-57,-52,-60,-40,-87,-87,D284
-59,-56,-55,-59,-54,-87,-88,D23
-59,-49,-45,-57,-52,-80,-82,D328
-48,-55,-54,-48,-67,-85,-81,C65
-60,-50,-51,-62,-49,-87,-84,D396
-59,-54,-49,-58,-52,-83,-93,D485
-53,-53,-50,-55,-59,-86,-81,C283
-43,-47,-50,-45,-65,-66,-69,B476
-37,-56,-57,-39,-61,-72,-74,B193
-51,-52,-51,-51,-64,-79,-89,C159
-40,-50,-49,-51,-65,-75,-80,B85
-51,-52,-48,-48,-62,-85,-78,C286
-63,-59,-53,-70,-46,-86,-88,D105
-45,-58,-65,-38,-65,-66,-70,B208
-37,-61,-61,-37,-71,-68,-73,B9
-61,-58,-60,-61,-74,-78,-83,A197
-60,-54,-59,-65,-73,-83,-84,A18
-53,-58,-51,-50,-62,-84,-81,C333
-46,-60,-52,-55,-61,-85,-85,C313
-61,-57,-51,-56,-46,-88,-85,D421
-39,-51,-64,-38,-71,-78,-78,B133
-50,-52,-55,-49,-64,-80,-86,C365
-56,-48,-43,-62,-43,-83,-82,D389
-65,-56,-63,-66,-80,-83,-88,A198
-63,-53,-52,-64,-47,-93,-86,D352
-74,-62,-66,-70,-76,-89,-87,A96
-58,-52,-64,-64,-66,-88,-83,A336
-58,-51,-51,-56,-54,-85,-83,D458
-59,-60,-61,-66,-66,-81,-85,A296
-37,-61,-54,-37,-66,-74,-75,B49
-15,-55,-62,-25,-71,-67,-68,B431
-51,-63,-55,-54,-69,-84,-79,C114
-66,-57,-65,-69,-78,-85,-85,A28
-59,-57,-53,-61,-63,-79,-87,A306
-62,-55,-57,-62,-70,-82,-86,A108
-61,-61,-51,-62,-54,-85,-91,D122
-53,-57,-50,-47,-62,-86,-81,C302
-62,-61,-52,-69,-42,-88,-92,D250
-39,-56,-53,-46,-57,-73,-77,B290
-37,-60,-53,-38,-65,-67,-70,B203
-58,-57,-49,-64,-49,-89,-81,D380
-64,-59,-52,-65,-50,-88,-85,D110
-68,-63,-65,-74,-81,-84,-89,A90
-46,-49,-51,-45,-62,-79,-79,C110
-39,-56,-55,-41,-62,-69,-75,B61
-62,-53,-55,-60,-68,-76,-79,A496
-48,-47,-50,-53,-61,-82,-79,C467
-57,-52,-56,-62,-52,-92,-85,D56
-60,-50,-48,-55,-46,-79,-87,D436
-57,-51,-49,-64,-52,-88,-81,D334
-56,-50,-58,-63,-68,-83,-83,A290
-40,-58,-52,-41,-66,-63,-75,B209
-60,-58,-55,-65,-50,-91,-86,D226
-56,-53,-49,-60,-48,-82,-85,D295
-64,-58,-45,-66,-48,-89,-93,D162
-37,-54,-55,-37,-67,-71,-70,B467
-59,-60,-57,-62,-67,-80,-84,A76
-61,-57,-65,-59,-67,-86,-87,A280
-43,-57,-51,-52,-62,-79,-77,C276
-58,-57,-50,-60,-47,-84,-86,D173
-41,-58,-54,-42,-71,-65,-71,B261
-58,-54,-62,-66,-76,-83,-86,A138
-46,-56,-60,-46,-65,-84,-85,C423
-50,-57,-60,-43,-66,-77,-82,C62
-40,-57,-47,-42,-69,-73,-70,B458
-46,-57,-53,-48,-58,-80,-86,C329
-41,-57,-51,-40,-66,-78,-71,B50
-61,-56,-44,-61,-49,-91,-86,D175
-62,-60,-55,-67,-43,-88,-92,D256
-52,-56,-50,-56,-69,-79,-78,C135
-61,-56,-65,-65,-66,-77,-81,A274
-52,-60,-51,-46,-63,-84,-77,C301
-57,-49,-44,-60,-50,-84,-86,D403
-18,-63,-62,-38,-72,-71,-73,B29
-51,-58,-59,-52,-64,-78,-84,C470
-55,-52,-45,-62,-46,-87,-85,D448
-59,-50,-45,-60,-45,-88,-87,D500
-58,-52,-50,-55,-48,-87,-90,D445
-51,-58,-55,-54,-67,-86,-83,C234
-63,-61,-61,-63,-68,-82,-83,A382
-19,-63,-66,-20,-79,-73,-72,B104
-50,-62,-57,-45,-62,-81,-78,C422
-49,-60,-55,-49,-63,-85,-89,C215
-17,-63,-65,-27,-86,-72,-74,B110
-48,-51,-53,-48,-64,-81,-79,C360
-73,-63,-65,-70,-80,-89,-93,A95
-46,-60,-56,-47,-66,-83,-85,C37
-50,-58,-54,-51,-60,-80,-82,C69
-43,-58,-56,-41,-69,-79,-78,B65
-56,-53,-58,-64,-71,-84,-87,A137
-64,-54,-55,-59,-52,-88,-98,D169
-64,-54,-58,-69,-65,-86,-86,A62
-63,-61,-61,-68,-72,-87,-92,A70
-40,-55,-56,-36,-64,-65,-66,B262
-64,-56,-61,-66,-71,-82,-81,A1
-61,-51,-58,-62,-71,-80,-84,A125
-17,-53,-57,-17,-70,-77,-73,B275
-38,-57,-55,-38,-62,-67,-65,B200
-49,-56,-47,-50,-58,-77,-84,C417
-59,-57,-62,-61,-68,-80,-83,A113
-39,-54,-55,-37,-71,-64,-67,B113
-43,-60,-55,-46,-71,-76,-79,B71
-42,-56,-52,-36,-75,-68,-81,B132
-57,-53,-56,-58,-68,-75,-80,A190
-63,-57,-65,-71,-75,-82,-86,A144
-57,-54,-54,-59,-51,-88,-87,D264
-64,-60,-45,-66,-52,-92,-92,D159
-49,-52,-48,-44,-59,-80,-78,C88
-47,-57,-56,-51,-64,-80,-86,C317
-62,-53,-55,-65,-49,-87,-87,D374
-63,-57,-64,-69,-75,-85,-83,A470
-58,-54,-53,-64,-51,-87,-91,D347
-55,-51,-52,-48,-60,-78,-86,C50
-52,-48,-52,-54,-63,-78,-80,C410
-63,-54,-55,-67,-71,-82,-87,A226
-48,-52,-54,-52,-63,-80,-77,C455
-39,-58,-54,-39,-62,-71,-77,B397
-57,-54,-59,-63,-65,-80,-80,A205
-61,-59,-58,-62,-65,-78,-78,A477
-50,-53,-52,-55,-68,-78,-86,C195
-50,-52,-53,-53,-67,-86,-85,C150
-51,-47,-50,-49,-59,-80,-85,C258
-59,-51,-56,-61,-50,-86,-86,D49
-65,-57,-54,-70,-50,-88,-85,D147
-62,-53,-58,-65,-67,-82,-84,A299
-65,-56,-65,-63,-68,-82,-93,A81
-58,-56,-47,-62,-36,-85,-84,D1
-65,-57,-62,-70,-67,-85,-87,A364
-63,-59,-61,-62,-78,-90,-82,A116
-37,-49,-57,-42,-62,-64,-71,B253
-49,-57,-51,-44,-57,-85,-79,C407
-43,-55,-54,-47,-67,-77,-79,B312
-62,-53,-57,-60,-69,-87,-86,A444
-47,-54,-51,-47,-66,-88,-80,C298
-59,-59,-58,-62,-64,-78,-81,A291
-49,-54,-52,-52,-63,-83,-85,C400
-40,-53,-56,-42,-69,-74,-78,B70
-61,-54,-48,-64,-49,-89,-81,D333
-43,-58,-50,-45,-71,-68,-74,B90
-64,-64,-58,-75,-68,-82,-80,A320
-16,-70,-58,-14,-73,-71,-80,B32
-55,-51,-48,-68,-51,-82,-86,D441
-45,-57,-59,-43,-71,-74,-79,B495
-59,-50,-56,-59,-62,-78,-79,A499
-49,-52,-56,-48,-55,-81,-82,C48
-51,-52,-52,-50,-69,-78,-86,C169
-64,-59,-66,-63,-74,-87,-87,A150
-51,-60,-52,-52,-67,-79,-91,C158
-14,-59,-64,-16,-79,-76,-72,B105
-58,-54,-61,-59,-68,-78,-76,A209
-40,-59,-57,-43,-74,-65,-66,B21
-51,-55,-52,-49,-64,-86,-83,C345
-59,-50,-57,-61,-51,-85,-86,D46
-52,-56,-51,-50,-65,-87,-82,C352
-50,-55,-58,-43,-73,-75,-80,B145
-49,-56,-58,-42,-77,-76,-78,B141
-59,-49,-44,-61,-45,-89,-89,D323
-58,-54,-58,-62,-75,-81,-81,A127
-37,-55,-55,-42,-69,-66,-69,B238
-61,-57,-58,-62,-67,-78,-76,A498
-36,-57,-61,-38,-63,-79,-71,B45
-62,-52,-57,-60,-70,-81,-74,A202
-65,-60,-60,-62,-75,-83,-79,A80
-27,-59,-56,-38,-62,-75,-79,B111
-66,-58,-64,-67,-71,-85,-87,A354
-63,-57,-59,-67,-71,-82,-93,A34
-58,-50,-61,-68,-64,-85,-91,A380
-58,-56,-61,-66,-75,-84,-78,A237
-66,-57,-61,-61,-73,-81,-90,A465
-61,-56,-62,-67,-66,-81,-88,A275
-61,-63,-58,-66,-74,-87,-82,A8
-49,-56,-45,-42,-66,-83,-80,C392
-59,-55,-56,-64,-69,-83,-84,A328
-59,-49,-53,-59,-62,-81,-83,A179
-50,-55,-54,-50,-69,-79,-82,C147
-45,-53,-50,-49,-67,-75,-77,C107
-40,-54,-52,-35,-68,-71,-76,B448
-10,-58,-62,-20,-73,-76,-74,B374
-61,-57,-53,-65,-50,-87,-91,D117
-49,-53,-50,-45,-64,-74,-85,C371
-54,-57,-53,-54,-62,-77,-75,C432
-63,-56,-61,-61,-68,-83,-87,A194
-56,-47,-56,-61,-67,-78,-88,A169
-52,-56,-58,-48,-59,-87,-92,C7
-63,-59,-54,-77,-42,-91,-92,D253
-70,-64,-63,-69,-83,-85,-87,A91
-62,-57,-48,-63,-47,-88,-84,D363
-36,-55,-54,-36,-67,-65,-73,B412
-36,-51,-52,-37,-70,-71,-64,B411
-56,-58,-48,-60,-51,-85,-85,D59
-64,-58,-47,-61,-52,-85,-86,D356
